Apache Maven 3.9.16 (2bdd9fddda4b155ebf8000e807eb73fd829a51d5)
Maven home: C:\Users\virat\Downloads\maven\apache-maven-3.9.16
Java version: 25.0.4, vendor: Eclipse Adoptium, runtime: C:\Program Files\Eclipse Adoptium\jdk-25.0.4.7-hotspot
Default locale: en_US, platform encoding: UTF-8
OS name: "windows 11", version: "10.0", arch: "amd64", family: "windows"
[DEBUG] Created new class realm maven.api
[DEBUG] Importing foreign packages into class realm maven.api
[DEBUG]   Imported: javax.annotation.* < plexus.core
[DEBUG]   Imported: javax.annotation.security.* < plexus.core
[DEBUG]   Imported: javax.inject.* < plexus.core
[DEBUG]   Imported: org.apache.maven.* < plexus.core
[DEBUG]   Imported: org.apache.maven.artifact < plexus.core
[DEBUG]   Imported: org.apache.maven.classrealm < plexus.core
[DEBUG]   Imported: org.apache.maven.cli < plexus.core
[DEBUG]   Imported: org.apache.maven.configuration < plexus.core
[DEBUG]   Imported: org.apache.maven.exception < plexus.core
[DEBUG]   Imported: org.apache.maven.execution < plexus.core
[DEBUG]   Imported: org.apache.maven.execution.scope < plexus.core
[DEBUG]   Imported: org.apache.maven.graph < plexus.core
[DEBUG]   Imported: org.apache.maven.lifecycle < plexus.core
[DEBUG]   Imported: org.apache.maven.model < plexus.core
[DEBUG]   Imported: org.apache.maven.monitor < plexus.core
[DEBUG]   Imported: org.apache.maven.plugin < plexus.core
[DEBUG]   Imported: org.apache.maven.profiles < plexus.core
[DEBUG]   Imported: org.apache.maven.project < plexus.core
[DEBUG]   Imported: org.apache.maven.reporting < plexus.core
[DEBUG]   Imported: org.apache.maven.repository < plexus.core
[DEBUG]   Imported: org.apache.maven.rtinfo < plexus.core
[DEBUG]   Imported: org.apache.maven.settings < plexus.core
[DEBUG]   Imported: org.apache.maven.toolchain < plexus.core
[DEBUG]   Imported: org.apache.maven.usability < plexus.core
[DEBUG]   Imported: org.apache.maven.wagon.* < plexus.core
[DEBUG]   Imported: org.apache.maven.wagon.authentication < plexus.core
[DEBUG]   Imported: org.apache.maven.wagon.authorization < plexus.core
[DEBUG]   Imported: org.apache.maven.wagon.events < plexus.core
[DEBUG]   Imported: org.apache.maven.wagon.observers < plexus.core
[DEBUG]   Imported: org.apache.maven.wagon.proxy < plexus.core
[DEBUG]   Imported: org.apache.maven.wagon.repository < plexus.core
[DEBUG]   Imported: org.apache.maven.wagon.resource < plexus.core
[DEBUG]   Imported: org.codehaus.classworlds < plexus.core
[DEBUG]   Imported: org.codehaus.plexus.* < plexus.core
[DEBUG]   Imported: org.codehaus.plexus.classworlds < plexus.core
[DEBUG]   Imported: org.codehaus.plexus.component < plexus.core
[DEBUG]   Imported: org.codehaus.plexus.configuration < plexus.core
[DEBUG]   Imported: org.codehaus.plexus.container < plexus.core
[DEBUG]   Imported: org.codehaus.plexus.context < plexus.core
[DEBUG]   Imported: org.codehaus.plexus.lifecycle < plexus.core
[DEBUG]   Imported: org.codehaus.plexus.logging < plexus.core
[DEBUG]   Imported: org.codehaus.plexus.personality < plexus.core
[DEBUG]   Imported: org.codehaus.plexus.util.xml.Xpp3Dom < plexus.core
[DEBUG]   Imported: org.codehaus.plexus.util.xml.pull.XmlPullParser < plexus.core
[DEBUG]   Imported: org.codehaus.plexus.util.xml.pull.XmlPullParserException < plexus.core
[DEBUG]   Imported: org.codehaus.plexus.util.xml.pull.XmlSerializer < plexus.core
[DEBUG]   Imported: org.eclipse.aether.* < plexus.core
[DEBUG]   Imported: org.eclipse.aether.artifact < plexus.core
[DEBUG]   Imported: org.eclipse.aether.collection < plexus.core
[DEBUG]   Imported: org.eclipse.aether.deployment < plexus.core
[DEBUG]   Imported: org.eclipse.aether.graph < plexus.core
[DEBUG]   Imported: org.eclipse.aether.impl < plexus.core
[DEBUG]   Imported: org.eclipse.aether.installation < plexus.core
[DEBUG]   Imported: org.eclipse.aether.internal.impl < plexus.core
[DEBUG]   Imported: org.eclipse.aether.metadata < plexus.core
[DEBUG]   Imported: org.eclipse.aether.repository < plexus.core
[DEBUG]   Imported: org.eclipse.aether.resolution < plexus.core
[DEBUG]   Imported: org.eclipse.aether.spi < plexus.core
[DEBUG]   Imported: org.eclipse.aether.transfer < plexus.core
[DEBUG]   Imported: org.eclipse.aether.util < plexus.core
[DEBUG]   Imported: org.eclipse.aether.version < plexus.core
[DEBUG]   Imported: org.fusesource.jansi.* < plexus.core
[DEBUG]   Imported: org.slf4j.* < plexus.core
[DEBUG]   Imported: org.slf4j.event.* < plexus.core
[DEBUG]   Imported: org.slf4j.helpers.* < plexus.core
[DEBUG]   Imported: org.slf4j.spi.* < plexus.core
[DEBUG] Populating class realm maven.api
[DEBUG] Created adapter factory; available factories [file-lock, rwlock-local, semaphore-local, noop]; available name mappers [discriminating, file-gaecv, file-gav, file-hgaecv, file-hgav, file-static, gaecv, gav, static]
[INFO] Error stacktraces are turned on.
[DEBUG] Message scheme: color
[DEBUG] Message styles: debug info warning error success failure strong mojo project
[DEBUG] Reading global settings from C:\Users\virat\Downloads\maven\apache-maven-3.9.16\conf\settings.xml
[DEBUG] Reading user settings from C:\Users\virat\.m2\settings.xml
[DEBUG] Reading global toolchains from C:\Users\virat\Downloads\maven\apache-maven-3.9.16\conf\toolchains.xml
[DEBUG] Reading user toolchains from C:\Users\virat\.m2\toolchains.xml
[DEBUG] Using local repository at C:\Users\virat\.m2\repository
[DEBUG] Using manager EnhancedLocalRepositoryManager with priority 10.0 for C:\Users\virat\.m2\repository
[INFO] Scanning for projects...
[DEBUG] Creating adapter using nameMapper 'gaecv' and factory 'rwlock-local'
[DEBUG] Extension realms for project com.app:fresh_cart:jar:0.0.1-SNAPSHOT: (none)
[DEBUG] Looking up lifecycle mappings for packaging jar from ClassRealm[plexus.core, parent: null]
[DEBUG] Extension realms for project org.springframework.boot:spring-boot-starter-parent:pom:2.7.3: (none)
[DEBUG] Looking up lifecycle mappings for packaging pom from ClassRealm[plexus.core, parent: null]
[DEBUG] Extension realms for project org.springframework.boot:spring-boot-dependencies:pom:2.7.3: (none)
[DEBUG] Looking up lifecycle mappings for packaging pom from ClassRealm[plexus.core, parent: null]
[DEBUG] === REACTOR BUILD PLAN ================================================
[DEBUG] Project: com.app:fresh_cart:jar:0.0.1-SNAPSHOT
[DEBUG] Tasks:   [clean, compile]
[DEBUG] Style:   Regular
[DEBUG] =======================================================================
[INFO] 
[INFO] -------------------------< com.app:fresh_cart >-------------------------
[INFO] Building fresh_cart 0.0.1-SNAPSHOT
[INFO]   from pom.xml
[INFO] --------------------------------[ jar ]---------------------------------
[DEBUG] Lifecycle clean -> [pre-clean, clean, post-clean]
[DEBUG] Lifecycle default -> [validate, initialize, generate-sources, process-sources, generate-resources, process-resources, compile, process-classes, generate-test-sources, process-test-sources, generate-test-resources, process-test-resources, test-compile, process-test-classes, test, prepare-package, package, pre-integration-test, integration-test, post-integration-test, verify, install, deploy]
[DEBUG] Lifecycle site -> [pre-site, site, post-site, site-deploy]
[DEBUG] Lifecycle clean -> [pre-clean, clean, post-clean]
[DEBUG] Lifecycle default -> [validate, initialize, generate-sources, process-sources, generate-resources, process-resources, compile, process-classes, generate-test-sources, process-test-sources, generate-test-resources, process-test-resources, test-compile, process-test-classes, test, prepare-package, package, pre-integration-test, integration-test, post-integration-test, verify, install, deploy]
[DEBUG] Lifecycle site -> [pre-site, site, post-site, site-deploy]
[DEBUG] Lifecycle clean -> [pre-clean, clean, post-clean]
[DEBUG] Lifecycle default -> [validate, initialize, generate-sources, process-sources, generate-resources, process-resources, compile, process-classes, generate-test-sources, process-test-sources, generate-test-resources, process-test-resources, test-compile, process-test-classes, test, prepare-package, package, pre-integration-test, integration-test, post-integration-test, verify, install, deploy]
[DEBUG] Lifecycle site -> [pre-site, site, post-site, site-deploy]
[DEBUG] Lifecycle clean -> [pre-clean, clean, post-clean]
[DEBUG] Lifecycle default -> [validate, initialize, generate-sources, process-sources, generate-resources, process-resources, compile, process-classes, generate-test-sources, process-test-sources, generate-test-resources, process-test-resources, test-compile, process-test-classes, test, prepare-package, package, pre-integration-test, integration-test, post-integration-test, verify, install, deploy]
[DEBUG] Lifecycle site -> [pre-site, site, post-site, site-deploy]
[DEBUG] Lifecycle clean -> [pre-clean, clean, post-clean]
[DEBUG] Lifecycle default -> [validate, initialize, generate-sources, process-sources, generate-resources, process-resources, compile, process-classes, generate-test-sources, process-test-sources, generate-test-resources, process-test-resources, test-compile, process-test-classes, test, prepare-package, package, pre-integration-test, integration-test, post-integration-test, verify, install, deploy]
[DEBUG] Lifecycle site -> [pre-site, site, post-site, site-deploy]
[DEBUG] === PROJECT BUILD PLAN ================================================
[DEBUG] Project:       com.app:fresh_cart:0.0.1-SNAPSHOT
[DEBUG] Dependencies (collect): []
[DEBUG] Dependencies (resolve): [compile]
[DEBUG] Repositories (dependencies): [central (https://repo.maven.apache.org/maven2, default, releases)]
[DEBUG] Repositories (plugins)     : [central (https://repo.maven.apache.org/maven2, default, releases)]
[DEBUG] -----------------------------------------------------------------------
[DEBUG] Goal:          org.apache.maven.plugins:maven-clean-plugin:3.2.0:clean (default-clean)
[DEBUG] Style:         Regular
[DEBUG] Configuration: <?xml version="1.0" encoding="UTF-8"?>
<configuration>
  <directory default-value="${project.build.directory}"/>
  <excludeDefaultDirectories default-value="false">${maven.clean.excludeDefaultDirectories}</excludeDefaultDirectories>
  <failOnError default-value="true">${maven.clean.failOnError}</failOnError>
  <fast default-value="false">${maven.clean.fast}</fast>
  <fastDir>${maven.clean.fastDir}</fastDir>
  <fastMode default-value="background">${maven.clean.fastMode}</fastMode>
  <followSymLinks default-value="false">${maven.clean.followSymLinks}</followSymLinks>
  <outputDirectory default-value="${project.build.outputDirectory}"/>
  <reportDirectory default-value="${project.build.outputDirectory}"/>
  <retryOnError default-value="true">${maven.clean.retryOnError}</retryOnError>
  <session default-value="${session}"/>
  <skip default-value="false">${maven.clean.skip}</skip>
  <testOutputDirectory default-value="${project.build.testOutputDirectory}"/>
  <verbose>${maven.clean.verbose}</verbose>
</configuration>
[DEBUG] -----------------------------------------------------------------------
[DEBUG] Goal:          org.apache.maven.plugins:maven-resources-plugin:3.2.0:resources (default-resources)
[DEBUG] Style:         Regular
[DEBUG] Configuration: <?xml version="1.0" encoding="UTF-8"?>
<configuration>
  <addDefaultExcludes default-value="true"/>
  <buildFilters default-value="${project.build.filters}"/>
  <delimiters>
    <delimiter>@</delimiter>
  </delimiters>
  <encoding default-value="${project.build.sourceEncoding}"/>
  <escapeWindowsPaths default-value="true"/>
  <fileNameFiltering default-value="false"/>
  <includeEmptyDirs default-value="false"/>
  <outputDirectory default-value="${project.build.outputDirectory}"/>
  <overwrite default-value="false"/>
  <project default-value="${project}"/>
  <propertiesEncoding>UTF-8</propertiesEncoding>
  <resources default-value="${project.resources}"/>
  <session default-value="${session}"/>
  <skip default-value="false">${maven.resources.skip}</skip>
  <supportMultiLineFiltering default-value="false"/>
  <useBuildFilters default-value="true"/>
  <useDefaultDelimiters default-value="true">false</useDefaultDelimiters>
</configuration>
[DEBUG] -----------------------------------------------------------------------
[DEBUG] Goal:          org.apache.maven.plugins:maven-compiler-plugin:3.10.1:compile (default-compile)
[DEBUG] Style:         Regular
[DEBUG] Configuration: <?xml version="1.0" encoding="UTF-8"?>
<configuration>
  <basedir default-value="${basedir}"/>
  <buildDirectory default-value="${project.build.directory}"/>
  <compilePath default-value="${project.compileClasspathElements}"/>
  <compileSourceRoots default-value="${project.compileSourceRoots}"/>
  <compilerId default-value="javac">${maven.compiler.compilerId}</compilerId>
  <compilerReuseStrategy default-value="${reuseCreated}">${maven.compiler.compilerReuseStrategy}</compilerReuseStrategy>
  <compilerVersion>${maven.compiler.compilerVersion}</compilerVersion>
  <createMissingPackageInfoClass default-value="true">${maven.compiler.createMissingPackageInfoClass}</createMissingPackageInfoClass>
  <debug default-value="true">${maven.compiler.debug}</debug>
  <debugFileName default-value="javac"/>
  <debuglevel>${maven.compiler.debuglevel}</debuglevel>
  <enablePreview default-value="false">${maven.compiler.enablePreview}</enablePreview>
  <encoding default-value="${project.build.sourceEncoding}">${encoding}</encoding>
  <executable>${maven.compiler.executable}</executable>
  <failOnError default-value="true">${maven.compiler.failOnError}</failOnError>
  <failOnWarning default-value="false">${maven.compiler.failOnWarning}</failOnWarning>
  <forceJavacCompilerUse default-value="false">${maven.compiler.forceJavacCompilerUse}</forceJavacCompilerUse>
  <fork default-value="false">${maven.compiler.fork}</fork>
  <generatedSourcesDirectory default-value="${project.build.directory}/generated-sources/annotations"/>
  <maxmem>${maven.compiler.maxmem}</maxmem>
  <meminitial>${maven.compiler.meminitial}</meminitial>
  <mojoExecution default-value="${mojoExecution}"/>
  <optimize default-value="false">${maven.compiler.optimize}</optimize>
  <outputDirectory default-value="${project.build.outputDirectory}"/>
  <parameters default-value="false">true</parameters>
  <project default-value="${project}"/>
  <projectArtifact default-value="${project.artifact}"/>
  <release>${maven.compiler.release}</release>
  <session default-value="${session}"/>
  <showDeprecation default-value="false">${maven.compiler.showDeprecation}</showDeprecation>
  <showWarnings default-value="false">${maven.compiler.showWarnings}</showWarnings>
  <skipMain>${maven.main.skip}</skipMain>
  <skipMultiThreadWarning default-value="false">${maven.compiler.skipMultiThreadWarning}</skipMultiThreadWarning>
  <source default-value="1.7">${maven.compiler.source}</source>
  <staleMillis default-value="0">${lastModGranularityMs}</staleMillis>
  <target default-value="1.7">${maven.compiler.target}</target>
  <useIncrementalCompilation default-value="true">${maven.compiler.useIncrementalCompilation}</useIncrementalCompilation>
  <verbose default-value="false">${maven.compiler.verbose}</verbose>
</configuration>
[DEBUG] =======================================================================
[DEBUG] Using mirror maven-default-http-blocker (http://0.0.0.0/) for ow2-snapshot (http://repository.ow2.org/nexus/content/repositories/snapshots).
[DEBUG] Using mirror maven-default-http-blocker (http://0.0.0.0/) for vaadin-snapshots (http://oss.sonatype.org/content/repositories/vaadin-snapshots/).
[DEBUG] Using mirror maven-default-http-blocker (http://0.0.0.0/) for vaadin-releases (http://oss.sonatype.org/content/repositories/vaadin-releases/).
[DEBUG] Dependency collection stats {ConflictMarker.analyzeTime=2262800, ConflictMarker.markTime=914500, ConflictMarker.nodeCount=255, ConflictIdSorter.graphTime=1403200, ConflictIdSorter.topsortTime=803400, ConflictIdSorter.conflictIdCount=113, ConflictIdSorter.conflictIdCycleCount=0, ConflictResolver.totalTime=17741200, ConflictResolver.conflictItemCount=212, DfDependencyCollector.collectTime=1007969700, DfDependencyCollector.transformTime=26357300}
[DEBUG] com.app:fresh_cart:jar:0.0.1-SNAPSHOT
[DEBUG]    org.springframework.boot:spring-boot-starter-data-jpa:jar:2.7.3:compile
[DEBUG]       org.springframework.boot:spring-boot-starter-aop:jar:2.7.3:compile (version managed from 2.7.3)
[DEBUG]          org.springframework:spring-aop:jar:5.3.22:compile (version managed from 5.3.22)
[DEBUG]          org.aspectj:aspectjweaver:jar:1.9.7:compile (version managed from 1.9.7)
[DEBUG]       org.springframework.boot:spring-boot-starter-jdbc:jar:2.7.3:compile (version managed from 2.7.3)
[DEBUG]          com.zaxxer:HikariCP:jar:4.0.3:compile (version managed from 4.0.3)
[DEBUG]          org.springframework:spring-jdbc:jar:5.3.22:compile (version managed from 5.3.22)
[DEBUG]       jakarta.transaction:jakarta.transaction-api:jar:1.3.3:compile (version managed from 1.3.3)
[DEBUG]       jakarta.persistence:jakarta.persistence-api:jar:2.2.3:compile (version managed from 2.2.3)
[DEBUG]       org.hibernate:hibernate-core:jar:5.6.10.Final:compile (version managed from 5.6.10.Final)
[DEBUG]          org.jboss.logging:jboss-logging:jar:3.4.3.Final:compile (version managed from 3.4.3.Final)
[DEBUG]          net.bytebuddy:byte-buddy:jar:1.12.13:compile (version managed from 1.12.9)
[DEBUG]          antlr:antlr:jar:2.7.7:compile (version managed from 2.7.7)
[DEBUG]          org.jboss:jandex:jar:2.4.2.Final:compile
[DEBUG]          com.fasterxml:classmate:jar:1.5.1:compile (version managed from 1.5.1)
[DEBUG]          org.hibernate.common:hibernate-commons-annotations:jar:5.1.2.Final:compile
[DEBUG]          org.glassfish.jaxb:jaxb-runtime:jar:2.3.6:compile (version managed from 2.3.1)
[DEBUG]             org.glassfish.jaxb:txw2:jar:2.3.6:compile (version managed from 2.3.6)
[DEBUG]             com.sun.istack:istack-commons-runtime:jar:3.0.12:compile
[DEBUG]             com.sun.activation:jakarta.activation:jar:1.2.2:runtime (version managed from 1.2.2)
[DEBUG]       org.springframework.data:spring-data-jpa:jar:2.7.2:compile (version managed from 2.7.2)
[DEBUG]          org.springframework.data:spring-data-commons:jar:2.7.2:compile (version managed from 2.7.2)
[DEBUG]          org.springframework:spring-orm:jar:5.3.22:compile (version managed from 5.3.22)
[DEBUG]          org.springframework:spring-context:jar:5.3.22:compile (version managed from 5.3.22)
[DEBUG]          org.springframework:spring-tx:jar:5.3.22:compile (version managed from 5.3.22)
[DEBUG]          org.springframework:spring-beans:jar:5.3.22:compile (version managed from 5.3.22)
[DEBUG]          org.slf4j:slf4j-api:jar:1.7.36:compile (version managed from 1.7.32)
[DEBUG]       org.springframework:spring-aspects:jar:5.3.22:compile (version managed from 5.3.22)
[DEBUG]    org.springframework.boot:spring-boot-starter-validation:jar:2.7.3:compile
[DEBUG]       org.springframework.boot:spring-boot-starter:jar:2.7.3:compile (version managed from 2.7.3)
[DEBUG]          org.springframework.boot:spring-boot-starter-logging:jar:2.7.3:compile (version managed from 2.7.3)
[DEBUG]             ch.qos.logback:logback-classic:jar:1.2.11:compile (version managed from 1.2.11)
[DEBUG]                ch.qos.logback:logback-core:jar:1.2.11:compile (version managed from 1.2.11)
[DEBUG]             org.apache.logging.log4j:log4j-to-slf4j:jar:2.17.2:compile (version managed from 2.17.2)
[DEBUG]                org.apache.logging.log4j:log4j-api:jar:2.17.2:compile (version managed from 2.17.2)
[DEBUG]             org.slf4j:jul-to-slf4j:jar:1.7.36:compile (version managed from 1.7.36)
[DEBUG]          jakarta.annotation:jakarta.annotation-api:jar:1.3.5:compile (version managed from 1.3.5)
[DEBUG]          org.yaml:snakeyaml:jar:1.30:compile (version managed from 1.30)
[DEBUG]       org.apache.tomcat.embed:tomcat-embed-el:jar:9.0.65:compile (version managed from 9.0.65)
[DEBUG]       org.hibernate.validator:hibernate-validator:jar:6.2.4.Final:compile (version managed from 6.2.4.Final)
[DEBUG]          jakarta.validation:jakarta.validation-api:jar:2.0.2:compile (version managed from 2.0.2)
[DEBUG]    org.springframework.boot:spring-boot-starter-web:jar:2.7.3:compile
[DEBUG]       org.springframework.boot:spring-boot-starter-json:jar:2.7.3:compile (version managed from 2.7.3)
[DEBUG]          com.fasterxml.jackson.core:jackson-databind:jar:2.13.3:compile (version managed from 2.13.3)
[DEBUG]             com.fasterxml.jackson.core:jackson-annotations:jar:2.13.3:compile (version managed from 2.13.3)
[DEBUG]          com.fasterxml.jackson.datatype:jackson-datatype-jdk8:jar:2.13.3:compile (version managed from 2.13.3)
[DEBUG]          com.fasterxml.jackson.datatype:jackson-datatype-jsr310:jar:2.13.3:compile (version managed from 2.13.3)
[DEBUG]          com.fasterxml.jackson.module:jackson-module-parameter-names:jar:2.13.3:compile (version managed from 2.13.3)
[DEBUG]       org.springframework.boot:spring-boot-starter-tomcat:jar:2.7.3:compile (version managed from 2.7.3)
[DEBUG]          org.apache.tomcat.embed:tomcat-embed-core:jar:9.0.65:compile (version managed from 9.0.65)
[DEBUG]          org.apache.tomcat.embed:tomcat-embed-websocket:jar:9.0.65:compile (version managed from 9.0.65)
[DEBUG]       org.springframework:spring-web:jar:5.3.22:compile (version managed from 5.3.22)
[DEBUG]       org.springframework:spring-webmvc:jar:5.3.22:compile (version managed from 5.3.22)
[DEBUG]          org.springframework:spring-expression:jar:5.3.22:compile (version managed from 5.3.22)
[DEBUG]    org.springframework.boot:spring-boot-devtools:jar:2.7.3:runtime (optional)
[DEBUG]       org.springframework.boot:spring-boot:jar:2.7.3:compile (version managed from 2.7.3)
[DEBUG]       org.springframework.boot:spring-boot-autoconfigure:jar:2.7.3:compile (version managed from 2.7.3)
[DEBUG]    mysql:mysql-connector-java:jar:8.0.30:runtime (exclusions managed from [com.google.protobuf:protobuf-java:*:*])
[DEBUG]    org.projectlombok:lombok:jar:1.18.24:compile (optional)
[DEBUG]    org.springframework.boot:spring-boot-starter-test:jar:2.7.3:test
[DEBUG]       org.springframework.boot:spring-boot-test:jar:2.7.3:test (version managed from 2.7.3)
[DEBUG]       org.springframework.boot:spring-boot-test-autoconfigure:jar:2.7.3:test (version managed from 2.7.3)
[DEBUG]       com.jayway.jsonpath:json-path:jar:2.7.0:test (version managed from 2.7.0)
[DEBUG]          net.minidev:json-smart:jar:2.4.8:test (version managed from 2.4.7)
[DEBUG]             net.minidev:accessors-smart:jar:2.4.8:test
[DEBUG]                org.ow2.asm:asm:jar:9.1:test
[DEBUG]       jakarta.xml.bind:jakarta.xml.bind-api:jar:2.3.3:compile (version managed from 2.3.3)
[DEBUG]          jakarta.activation:jakarta.activation-api:jar:1.2.2:compile (version managed from 1.2.2)
[DEBUG]       org.assertj:assertj-core:jar:3.22.0:test (version managed from 3.22.0)
[DEBUG]       org.hamcrest:hamcrest:jar:2.2:test (version managed from 2.2)
[DEBUG]       org.junit.jupiter:junit-jupiter:jar:5.8.2:test (version managed from 5.8.2)
[DEBUG]          org.junit.jupiter:junit-jupiter-api:jar:5.8.2:test (version managed from 5.8.2)
[DEBUG]             org.opentest4j:opentest4j:jar:1.2.0:test
[DEBUG]             org.junit.platform:junit-platform-commons:jar:1.8.2:test (version managed from 1.8.2)
[DEBUG]             org.apiguardian:apiguardian-api:jar:1.1.2:test
[DEBUG]          org.junit.jupiter:junit-jupiter-params:jar:5.8.2:test (version managed from 5.8.2)
[DEBUG]          org.junit.jupiter:junit-jupiter-engine:jar:5.8.2:test (version managed from 5.8.2)
[DEBUG]             org.junit.platform:junit-platform-engine:jar:1.8.2:test (version managed from 1.8.2)
[DEBUG]       org.mockito:mockito-core:jar:4.5.1:test (version managed from 4.5.1)
[DEBUG]          net.bytebuddy:byte-buddy-agent:jar:1.12.13:test (version managed from 1.12.9)
[DEBUG]          org.objenesis:objenesis:jar:3.2:test
[DEBUG]       org.mockito:mockito-junit-jupiter:jar:4.5.1:test (version managed from 4.5.1)
[DEBUG]       org.skyscreamer:jsonassert:jar:1.5.1:test (version managed from 1.5.1)
[DEBUG]          com.vaadin.external.google:android-json:jar:0.0.20131108.vaadin1:test
[DEBUG]       org.springframework:spring-core:jar:5.3.22:compile (version managed from 5.3.22)
[DEBUG]          org.springframework:spring-jcl:jar:5.3.22:compile (version managed from 5.3.22)
[DEBUG]       org.springframework:spring-test:jar:5.3.22:test (version managed from 5.3.22)
[DEBUG]       org.xmlunit:xmlunit-core:jar:2.9.0:test (version managed from 2.9.0)
[DEBUG]    org.modelmapper:modelmapper:jar:3.1.0:compile
[DEBUG]    org.springdoc:springdoc-openapi-ui:jar:1.6.4:compile
[DEBUG]       org.springdoc:springdoc-openapi-webmvc-core:jar:1.6.4:compile
[DEBUG]          org.springdoc:springdoc-openapi-common:jar:1.6.4:compile
[DEBUG]             io.swagger.core.v3:swagger-core:jar:2.1.12:compile
[DEBUG]                com.fasterxml.jackson.dataformat:jackson-dataformat-yaml:jar:2.13.3:compile (version managed from 2.12.1)
[DEBUG]                io.swagger.core.v3:swagger-annotations:jar:2.1.12:compile
[DEBUG]                io.swagger.core.v3:swagger-models:jar:2.1.12:compile
[DEBUG]       org.webjars:swagger-ui:jar:4.1.3:compile
[DEBUG]       org.webjars:webjars-locator-core:jar:0.50:compile (version managed from 0.45)
[DEBUG]          com.fasterxml.jackson.core:jackson-core:jar:2.13.3:compile (version managed from 2.13.1)
[DEBUG]       io.github.classgraph:classgraph:jar:4.8.138:compile
[DEBUG]    com.razorpay:razorpay-java:jar:1.3.9:compile
[DEBUG]       com.squareup.okhttp3:okhttp:jar:4.9.3:compile (version managed from 3.10.0)
[DEBUG]          com.squareup.okio:okio:jar:2.8.0:compile
[DEBUG]             org.jetbrains.kotlin:kotlin-stdlib-common:jar:1.6.21:compile (version managed from 1.4.0)
[DEBUG]          org.jetbrains.kotlin:kotlin-stdlib:jar:1.6.21:compile (version managed from 1.4.10)
[DEBUG]             org.jetbrains:annotations:jar:13.0:compile
[DEBUG]       com.squareup.okhttp3:logging-interceptor:jar:4.9.3:compile (version managed from 3.10.0)
[DEBUG]          org.jetbrains.kotlin:kotlin-stdlib-jdk8:jar:1.6.21:compile (version managed from 1.4.10)
[DEBUG]             org.jetbrains.kotlin:kotlin-stdlib-jdk7:jar:1.6.21:compile (version managed from 1.6.21)
[DEBUG]       org.json:json:jar:20180130:compile
[DEBUG]       commons-codec:commons-codec:jar:1.15:compile (version managed from 1.11)
[DEBUG]       org.apache.commons:commons-text:jar:1.3:compile
[DEBUG]          org.apache.commons:commons-lang3:jar:3.12.0:compile (version managed from 3.7)
[INFO] 
[INFO] --- clean:3.2.0:clean (default-clean) @ fresh_cart ---
[DEBUG] Dependency collection stats {ConflictMarker.analyzeTime=299000, ConflictMarker.markTime=78400, ConflictMarker.nodeCount=3, ConflictIdSorter.graphTime=105300, ConflictIdSorter.topsortTime=18300, ConflictIdSorter.conflictIdCount=3, ConflictIdSorter.conflictIdCycleCount=0, ConflictResolver.totalTime=205600, ConflictResolver.conflictItemCount=3, DfDependencyCollector.collectTime=29202500, DfDependencyCollector.transformTime=733200}
[DEBUG] org.apache.maven.plugins:maven-clean-plugin:jar:3.2.0
[DEBUG]    org.apache.maven.shared:maven-shared-utils:jar:3.3.4:compile
[DEBUG]       commons-io:commons-io:jar:2.6:compile
[DEBUG] Created new class realm plugin>org.apache.maven.plugins:maven-clean-plugin:3.2.0
[DEBUG] Importing foreign packages into class realm plugin>org.apache.maven.plugins:maven-clean-plugin:3.2.0
[DEBUG]   Imported:  < maven.api
[DEBUG] Populating class realm plugin>org.apache.maven.plugins:maven-clean-plugin:3.2.0
[DEBUG]   Included: org.apache.maven.plugins:maven-clean-plugin:jar:3.2.0
[DEBUG]   Included: org.apache.maven.shared:maven-shared-utils:jar:3.3.4
[DEBUG]   Included: commons-io:commons-io:jar:2.6
[DEBUG] Loading mojo org.apache.maven.plugins:maven-clean-plugin:3.2.0:clean from plugin realm ClassRealm[plugin>org.apache.maven.plugins:maven-clean-plugin:3.2.0, parent: jdk.internal.loader.ClassLoaders$AppClassLoader@1affbebc]
[DEBUG] Configuring mojo execution 'org.apache.maven.plugins:maven-clean-plugin:3.2.0:clean:default-clean' with basic configurator -->
[DEBUG]   (f) directory = C:\Aravind\Fresh-Basket\Fresh_Basket_Backend\fresh_Basket\target
[DEBUG]   (f) excludeDefaultDirectories = false
[DEBUG]   (f) failOnError = true
[DEBUG]   (f) fast = false
[DEBUG]   (f) fastMode = background
[DEBUG]   (f) followSymLinks = false
[DEBUG]   (f) outputDirectory = C:\Aravind\Fresh-Basket\Fresh_Basket_Backend\fresh_Basket\target\classes
[DEBUG]   (f) reportDirectory = C:\Aravind\Fresh-Basket\Fresh_Basket_Backend\fresh_Basket\target\classes
[DEBUG]   (f) retryOnError = true
[DEBUG]   (f) session = org.apache.maven.execution.MavenSession@1a96d94c
[DEBUG]   (f) skip = false
[DEBUG]   (f) testOutputDirectory = C:\Aravind\Fresh-Basket\Fresh_Basket_Backend\fresh_Basket\target\test-classes
[DEBUG] -- end configuration --
[INFO] Deleting C:\Aravind\Fresh-Basket\Fresh_Basket_Backend\fresh_Basket\target
[INFO] Deleting file C:\Aravind\Fresh-Basket\Fresh_Basket_Backend\fresh_Basket\target\maven-status\maven-compiler-plugin\compile\default-compile\inputFiles.lst
[INFO] Deleting file C:\Aravind\Fresh-Basket\Fresh_Basket_Backend\fresh_Basket\target\maven-status\maven-compiler-plugin\compile\default-compile\createdFiles.lst
[INFO] Deleting directory C:\Aravind\Fresh-Basket\Fresh_Basket_Backend\fresh_Basket\target\maven-status\maven-compiler-plugin\compile\default-compile
[INFO] Deleting directory C:\Aravind\Fresh-Basket\Fresh_Basket_Backend\fresh_Basket\target\maven-status\maven-compiler-plugin\compile
[INFO] Deleting directory C:\Aravind\Fresh-Basket\Fresh_Basket_Backend\fresh_Basket\target\maven-status\maven-compiler-plugin
[INFO] Deleting directory C:\Aravind\Fresh-Basket\Fresh_Basket_Backend\fresh_Basket\target\maven-status
[INFO] Deleting directory C:\Aravind\Fresh-Basket\Fresh_Basket_Backend\fresh_Basket\target\generated-sources\annotations
[INFO] Deleting directory C:\Aravind\Fresh-Basket\Fresh_Basket_Backend\fresh_Basket\target\generated-sources
[INFO] Deleting file C:\Aravind\Fresh-Basket\Fresh_Basket_Backend\fresh_Basket\target\classes\com\app\FreshCartApplication.class
[INFO] Deleting file C:\Aravind\Fresh-Basket\Fresh_Basket_Backend\fresh_Basket\target\classes\com\app\entities\User.class
[INFO] Deleting file C:\Aravind\Fresh-Basket\Fresh_Basket_Backend\fresh_Basket\target\classes\com\app\entities\Seller.class
[INFO] Deleting file C:\Aravind\Fresh-Basket\Fresh_Basket_Backend\fresh_Basket\target\classes\com\app\entities\Product.class
[INFO] Deleting file C:\Aravind\Fresh-Basket\Fresh_Basket_Backend\fresh_Basket\target\classes\com\app\entities\OrderEntity.class
[INFO] Deleting file C:\Aravind\Fresh-Basket\Fresh_Basket_Backend\fresh_Basket\target\classes\com\app\entities\Category.class
[INFO] Deleting file C:\Aravind\Fresh-Basket\Fresh_Basket_Backend\fresh_Basket\target\classes\com\app\entities\CartItem.class
[INFO] Deleting file C:\Aravind\Fresh-Basket\Fresh_Basket_Backend\fresh_Basket\target\classes\com\app\entities\Cart.class
[INFO] Deleting file C:\Aravind\Fresh-Basket\Fresh_Basket_Backend\fresh_Basket\target\classes\com\app\entities\BaseEntity.class
[INFO] Deleting directory C:\Aravind\Fresh-Basket\Fresh_Basket_Backend\fresh_Basket\target\classes\com\app\entities
[INFO] Deleting file C:\Aravind\Fresh-Basket\Fresh_Basket_Backend\fresh_Basket\target\classes\com\app\dto\ProductDto.class
[INFO] Deleting file C:\Aravind\Fresh-Basket\Fresh_Basket_Backend\fresh_Basket\target\classes\com\app\dto\BaseDto.class
[INFO] Deleting directory C:\Aravind\Fresh-Basket\Fresh_Basket_Backend\fresh_Basket\target\classes\com\app\dto
[INFO] Deleting directory C:\Aravind\Fresh-Basket\Fresh_Basket_Backend\fresh_Basket\target\classes\com\app
[INFO] Deleting directory C:\Aravind\Fresh-Basket\Fresh_Basket_Backend\fresh_Basket\target\classes\com
[INFO] Deleting file C:\Aravind\Fresh-Basket\Fresh_Basket_Backend\fresh_Basket\target\classes\application.properties
[INFO] Deleting directory C:\Aravind\Fresh-Basket\Fresh_Basket_Backend\fresh_Basket\target\classes
[INFO] Deleting directory C:\Aravind\Fresh-Basket\Fresh_Basket_Backend\fresh_Basket\target
[DEBUG] Skipping non-existing directory C:\Aravind\Fresh-Basket\Fresh_Basket_Backend\fresh_Basket\target\classes
[DEBUG] Skipping non-existing directory C:\Aravind\Fresh-Basket\Fresh_Basket_Backend\fresh_Basket\target\test-classes
[DEBUG] Skipping non-existing directory C:\Aravind\Fresh-Basket\Fresh_Basket_Backend\fresh_Basket\target\classes
[INFO] 
[INFO] --- resources:3.2.0:resources (default-resources) @ fresh_cart ---
[DEBUG] Using mirror maven-default-http-blocker (http://0.0.0.0/) for apache.snapshots (http://repository.apache.org/snapshots).
[DEBUG] Using mirror maven-default-http-blocker (http://0.0.0.0/) for repository.jboss.org (http://repository.jboss.org/maven2).
[DEBUG] Using mirror maven-default-http-blocker (http://0.0.0.0/) for snapshots.jboss.org (http://snapshots.jboss.org/maven2).
[DEBUG] Using mirror maven-default-http-blocker (http://0.0.0.0/) for oss.sonatype.org/jboss-snapshots (http://oss.sonatype.org/content/repositories/jboss-snapshots).
[DEBUG] Using mirror maven-default-http-blocker (http://0.0.0.0/) for codehaus.snapshots (http://snapshots.repository.codehaus.org).
[DEBUG] Dependency collection stats {ConflictMarker.analyzeTime=360200, ConflictMarker.markTime=140300, ConflictMarker.nodeCount=99, ConflictIdSorter.graphTime=222500, ConflictIdSorter.topsortTime=81600, ConflictIdSorter.conflictIdCount=35, ConflictIdSorter.conflictIdCycleCount=0, ConflictResolver.totalTime=2179700, ConflictResolver.conflictItemCount=85, DfDependencyCollector.collectTime=225661100, DfDependencyCollector.transformTime=3034100}
[DEBUG] org.apache.maven.plugins:maven-resources-plugin:jar:3.2.0
[DEBUG]    org.apache.maven:maven-plugin-api:jar:3.1.0:compile
[DEBUG]       org.apache.maven:maven-artifact:jar:3.1.0:compile
[DEBUG]    org.apache.maven:maven-core:jar:3.1.0:compile
[DEBUG]       org.apache.maven:maven-settings:jar:3.1.0:compile
[DEBUG]       org.apache.maven:maven-settings-builder:jar:3.1.0:compile
[DEBUG]       org.apache.maven:maven-repository-metadata:jar:3.1.0:compile
[DEBUG]       org.apache.maven:maven-model-builder:jar:3.1.0:compile
[DEBUG]       org.apache.maven:maven-aether-provider:jar:3.1.0:compile
[DEBUG]          org.eclipse.aether:aether-spi:jar:0.9.0.M2:compile
[DEBUG]       org.eclipse.aether:aether-impl:jar:0.9.0.M2:compile
[DEBUG]       org.eclipse.aether:aether-api:jar:0.9.0.M2:compile
[DEBUG]       org.eclipse.aether:aether-util:jar:0.9.0.M2:compile
[DEBUG]       org.codehaus.plexus:plexus-utils:jar:3.0.10:compile
[DEBUG]       org.codehaus.plexus:plexus-classworlds:jar:2.4.2:compile
[DEBUG]       org.sonatype.plexus:plexus-sec-dispatcher:jar:1.3:compile
[DEBUG]          org.sonatype.plexus:plexus-cipher:jar:1.4:compile
[DEBUG]    org.apache.maven:maven-model:jar:3.1.0:compile
[DEBUG]    org.codehaus.plexus:plexus-component-annotations:jar:2.0.0:compile
[DEBUG]    org.codehaus.plexus:plexus-interpolation:jar:1.26:runtime
[DEBUG]    org.eclipse.sisu:org.eclipse.sisu.plexus:jar:0.0.0.M2a:compile
[DEBUG]       javax.enterprise:cdi-api:jar:1.0:compile
[DEBUG]          javax.annotation:jsr250-api:jar:1.0:compile
[DEBUG]          javax.inject:javax.inject:jar:1:compile
[DEBUG]       com.google.guava:guava:jar:10.0.1:compile
[DEBUG]          com.google.code.findbugs:jsr305:jar:1.3.9:compile
[DEBUG]       org.sonatype.sisu:sisu-guice:jar:no_aop:3.1.0:compile
[DEBUG]          aopalliance:aopalliance:jar:1.0:compile
[DEBUG]       org.eclipse.sisu:org.eclipse.sisu.inject:jar:0.0.0.M2a:compile
[DEBUG]          asm:asm:jar:3.3.1:compile
[DEBUG]    org.apache.maven.shared:maven-filtering:jar:3.2.0:compile
[DEBUG]       org.apache.maven.shared:maven-shared-utils:jar:3.3.3:compile
[DEBUG]       org.sonatype.plexus:plexus-build-api:jar:0.0.7:compile
[DEBUG]    commons-io:commons-io:jar:2.6:compile
[DEBUG]    org.apache.commons:commons-lang3:jar:3.8.1:compile
[DEBUG] Created new class realm plugin>org.apache.maven.plugins:maven-resources-plugin:3.2.0
[DEBUG] Importing foreign packages into class realm plugin>org.apache.maven.plugins:maven-resources-plugin:3.2.0
[DEBUG]   Imported:  < maven.api
[DEBUG] Populating class realm plugin>org.apache.maven.plugins:maven-resources-plugin:3.2.0
[DEBUG]   Included: org.apache.maven.plugins:maven-resources-plugin:jar:3.2.0
[DEBUG]   Included: org.codehaus.plexus:plexus-utils:jar:3.0.10
[DEBUG]   Included: org.sonatype.plexus:plexus-sec-dispatcher:jar:1.3
[DEBUG]   Included: org.sonatype.plexus:plexus-cipher:jar:1.4
[DEBUG]   Included: org.codehaus.plexus:plexus-component-annotations:jar:2.0.0
[DEBUG]   Included: org.codehaus.plexus:plexus-interpolation:jar:1.26
[DEBUG]   Included: javax.enterprise:cdi-api:jar:1.0
[DEBUG]   Included: javax.annotation:jsr250-api:jar:1.0
[DEBUG]   Included: com.google.guava:guava:jar:10.0.1
[DEBUG]   Included: com.google.code.findbugs:jsr305:jar:1.3.9
[DEBUG]   Included: org.sonatype.sisu:sisu-guice:jar:no_aop:3.1.0
[DEBUG]   Included: aopalliance:aopalliance:jar:1.0
[DEBUG]   Included: org.eclipse.sisu:org.eclipse.sisu.inject:jar:0.0.0.M2a
[DEBUG]   Included: asm:asm:jar:3.3.1
[DEBUG]   Included: org.apache.maven.shared:maven-filtering:jar:3.2.0
[DEBUG]   Included: org.apache.maven.shared:maven-shared-utils:jar:3.3.3
[DEBUG]   Included: org.sonatype.plexus:plexus-build-api:jar:0.0.7
[DEBUG]   Included: commons-io:commons-io:jar:2.6
[DEBUG]   Included: org.apache.commons:commons-lang3:jar:3.8.1
[DEBUG] Loading mojo org.apache.maven.plugins:maven-resources-plugin:3.2.0:resources from plugin realm ClassRealm[plugin>org.apache.maven.plugins:maven-resources-plugin:3.2.0, parent: jdk.internal.loader.ClassLoaders$AppClassLoader@1affbebc]
[DEBUG] Configuring mojo execution 'org.apache.maven.plugins:maven-resources-plugin:3.2.0:resources:default-resources' with basic configurator -->
[DEBUG]   (f) addDefaultExcludes = true
[DEBUG]   (f) buildFilters = []
[DEBUG]   (s) delimiters = [@]
[DEBUG]   (f) encoding = UTF-8
[DEBUG]   (f) escapeWindowsPaths = true
[DEBUG]   (f) fileNameFiltering = false
[DEBUG]   (s) includeEmptyDirs = false
[DEBUG]   (s) outputDirectory = C:\Aravind\Fresh-Basket\Fresh_Basket_Backend\fresh_Basket\target\classes
[DEBUG]   (s) overwrite = false
[DEBUG]   (f) project = MavenProject: com.app:fresh_cart:0.0.1-SNAPSHOT @ C:\Aravind\Fresh-Basket\Fresh_Basket_Backend\fresh_Basket\pom.xml
[DEBUG]   (f) propertiesEncoding = UTF-8
[DEBUG]   (s) resources = [Resource {targetPath: null, filtering: true, FileSet {directory: C:\Aravind\Fresh-Basket\Fresh_Basket_Backend\fresh_Basket\src\main\resources, PatternSet [includes: {**/application*.yml, **/application*.yaml, **/application*.properties}, excludes: {}]}}, Resource {targetPath: null, filtering: false, FileSet {directory: C:\Aravind\Fresh-Basket\Fresh_Basket_Backend\fresh_Basket\src\main\resources, PatternSet [includes: {}, excludes: {**/application*.yml, **/application*.yaml, **/application*.properties}]}}]
[DEBUG]   (f) session = org.apache.maven.execution.MavenSession@1a96d94c
[DEBUG]   (f) skip = false
[DEBUG]   (f) supportMultiLineFiltering = false
[DEBUG]   (f) useBuildFilters = true
[DEBUG]   (s) useDefaultDelimiters = false
[DEBUG] -- end configuration --
[DEBUG] properties used {spring-integration.version=5.5.14, env.USERPROFILE=C:\Users\virat, env.PROGRAMW6432=C:\Program Files, env.OS=Windows_NT, javax-activation.version=1.2.0, kafka.version=3.1.1, env.GIT_ASKPASS=c:\Users\virat\AppData\Roaming\Code\User\globalStorage\vscode.git\askpass\70789581cae28aa7\askpass.sh, java.vm.specification.vendor=Oracle Corporation, httpclient5.version=5.1.3, env.PUBLIC=C:\Users\Public, env.COMMONPROGRAMW6432=C:\Program Files\Common Files, java.vendor.version=Temurin-25.0.4+7, env.CLAUDE_CODE_SSE_PORT=55391, project.baseUri=file:/C:/Aravind/Fresh-Basket/Fresh_Basket_Backend/fresh_Basket/, hibernate.version=5.6.10.Final, javax-persistence.version=2.2, jakarta-ws-rs.version=2.1.6, nekohtml.version=1.9.22, native.encoding=Cp1252, env.ERROR_CODE=0, selenium-htmlunit.version=3.61.0, ehcache3.version=3.10.0, commons-dbcp2.version=2.9.0, mongodb.version=4.6.1, java.vm.specification.version=25, env.=EXITCODE=00000000, user.home=C:\Users\virat, env.COLORTERM=truecolor, env.SESSIONNAME=Console, postgresql.version=42.3.6, jmustache.version=1.15, appengine-sdk.version=1.9.98, hamcrest.version=2.2, os.version=10.0, jakarta-transaction.version=1.3.3, jaxen.version=1.2.0, spring-batch.version=4.3.6, couchbase-client.version=3.3.3, env.ONEDRIVE=C:\Users\virat\OneDrive, javax-websocket.version=1.1, commons-codec.version=1.15, caffeine.version=2.9.3, env.PROGRAMFILES=C:\Program Files, env.CLASSWORLDS_JAR="C:\Users\virat\Downloads\maven\apache-maven-3.9.16\boot\plexus-classworlds-2.11.0.jar", cache2k.version=2.6.1.Final, pooled-jms.version=1.2.4, unboundid-ldapsdk.version=6.0.5, javax-jaxb.version=2.3.1, thymeleaf-extras-springsecurity.version=3.0.4.RELEASE, httpasyncclient.version=4.1.5, javax-jms.version=2.0.1, jakarta-websocket.version=1.1.2, env.DRIVERDATA=C:\Windows\System32\Drivers\DriverData, jakarta-xml-soap.version=1.4.2, env.PROCESSOR_LEVEL=25, env.TMP=C:\Users\virat\AppData\Local\Temp, env.PYTHON_BASIC_REPL=1, httpcore5.version=5.1.4, lombok.version=1.18.24, library.jansi.path=C:\Users\virat\Downloads\maven\apache-maven-3.9.16\lib\jansi-native, jackson-bom.version=2.13.3, maven-invoker-plugin.version=3.2.2, user.country=US, env.USERDOMAIN=LAPTOP-KOJ40SMV, resource.delimiter=@, env.MAVEN_HOME=C:\Users\virat\Downloads\maven\apache-maven-3.9.16, jetty-jsp.version=2.2.0.v201112011158, maven-source-plugin.version=3.2.1, rxjava.version=1.3.8, env.=C:=C:\Aravind\Fresh-Basket\Fresh_Basket_Backend\fresh_Basket, java.runtime.name=OpenJDK Runtime Environment, env.COMMONPROGRAMFILES(X86)=C:\Program Files (x86)\Common Files, maven-deploy-plugin.version=2.8.2, env.MAVEN_CMD_LINE_ARGS=-X clean compile, maven-failsafe-plugin.version=2.22.2, env.ONEDRIVECONSUMER=C:\Users\virat\OneDrive, dropwizard-metrics.version=4.2.11, kotlin-coroutines.version=1.6.4, spring-restdocs.version=2.0.6.RELEASE, freemarker.version=2.3.31, jakarta-json.version=1.1.6, janino.version=3.1.7, java.version.date=2026-07-21, java.home=C:\Program Files\Eclipse Adoptium\jdk-25.0.4.7-hotspot, env.LOCALAPPDATA=C:\Users\virat\AppData\Local, jolokia.version=1.7.1, sun.management.compiler=HotSpot 64-Bit Tiered Compilers, jetty-reactive-httpclient.version=1.1.12, env.PATH=c:\Users\virat\AppData\Roaming\Code\User\globalStorage\github.copilot-chat\debugCommand;c:\Users\virat\AppData\Roaming\Code\User\globalStorage\github.copilot-chat\copilotCli;C:\Program Files\Eclipse Adoptium\jdk-25.0.4.7-hotspot\bin;C:\app\virat\product\21c\dbhomeXE\bin;C:\Program Files\Common Files\Oracle\Java\javapath;C:\WINDOWS\system32;C:\WINDOWS;C:\WINDOWS\System32\Wbem;C:\WINDOWS\System32\WindowsPowerShell\v1.0\;C:\WINDOWS\System32\OpenSSH\;C:\Program Files\nodejs\;C:\Users\virat\Downloads\maven\apache-maven-3.9.16\bin;C:\Program Files\Git\cmd;C:\Program Files\MySQL\MySQL Server 8.0\bin;C:\Program Files\MySQL\MySQL Shell 8.0\bin\;C:\Users\virat\AppData\Local\Microsoft\WindowsApps;C:\Users\virat\AppData\Local\Programs\Microsoft VS Code\bin;C:\Users\virat\AppData\Roaming\npm;C:\Users\virat\AppData\Local\GitHubDesktop\bin, httpclient.version=4.5.13, maven-dependency-plugin.version=3.3.0, env.EXEC_DIR=C:\Aravind\Fresh-Basket\Fresh_Basket_Backend\fresh_Basket, gson.version=2.9.1, sun-mail.version=1.6.7, env.APPDATA=C:\Users\virat\AppData\Roaming, mssql-jdbc.version=10.2.1.jre8, snakeyaml.version=1.30, prometheus-client.version=0.15.0, lettuce.version=6.1.9.RELEASE, stderr.encoding=cp437, kotlin.version=1.6.21, wsdl4j.version=1.6.3, tomcat.version=9.0.65, glassfish-jaxb.version=2.3.6, spring-ws.version=3.1.3, commons-lang3.version=3.12.0, os.name=Windows 11, junit.version=4.13.2, jetty-el.version=9.0.52, db2-jdbc.version=11.5.7.0, maven.build.timestamp=2026-09-12T05:39:49Z, spring-graphql.version=1.0.1, javax-money.version=1.1, graphql-java.version=18.3, jakarta-validation.version=2.0.2, oracle-database.version=21.5.0.0, java.vm.info=mixed mode, sharing, cassandra-driver.version=4.14.1, env.TEMP=C:\Users\virat\AppData\Local\Temp, java.class.version=69.0, sun.jnu.encoding=Cp1252, xmlunit2.version=2.9.0, jakarta-mail.version=1.6.7, saaj-impl.version=1.5.3, maven.build.version=Apache Maven 3.9.16 (2bdd9fddda4b155ebf8000e807eb73fd829a51d5), maven.home=C:\Users\virat\Downloads\maven\apache-maven-3.9.16, maven-shade-plugin.version=3.3.0, file.separator=\, line.separator=
, env.PROMPT=$P$G, spring-kafka.version=2.8.8, env.PROCESSOR_IDENTIFIER=AMD64 Family 25 Model 80 Stepping 0, AuthenticAMD, env.TERM_PROGRAM_VERSION=1.134.0, env.PROGRAMDATA=C:\ProgramData, hazelcast.version=5.1.3, jdom2.version=2.0.6.1, env.JVMCONFIG=\.mvn\jvm.config, env.PROGRAMFILES(X86)=C:\Program Files (x86), hsqldb.version=2.5.2, env.HOMEDRIVE=C:, env.TERM_PROGRAM=vscode, embedded-mongo.version=3.4.8, spring-ldap.version=2.4.1, java.class.path=C:\Users\virat\Downloads\maven\apache-maven-3.9.16\boot\plexus-classworlds-2.11.0.jar, env.PROCESSOR_ARCHITECTURE=AMD64, rabbit-stream-client.version=0.5.0, servlet-api.version=4.0.1, env.COMMONPROGRAMFILES=C:\Program Files\Common Files, rsocket.version=1.1.2, jakarta-persistence.version=2.2.3, groovy.version=3.0.12, javax-cache.version=1.1.1, logback.version=1.2.11, env.COMSPEC=C:\WINDOWS\system32\cmd.exe, jedis.version=3.8.0, maven-clean-plugin.version=3.2.0, maven-surefire-plugin.version=2.22.2, spring-data-bom.version=2021.2.2, jaybird.version=4.0.6.java8, env.WDIR=C:\, selenium.version=4.1.4, glassfish-el.version=3.0.4, project.build.sourceEncoding=UTF-8, user.dir=C:\Aravind\Fresh-Basket\Fresh_Basket_Backend\fresh_Basket, env.COPILOT_DEBUG_NONCE=c48cdb0ad81598952b13de58a630bb34, ehcache.version=2.10.9.2, junit-jupiter.version=5.8.2, neo4j-java-driver.version=4.4.9, spring-session-bom.version=2021.2.0, env.NUMBER_OF_PROCESSORS=16, flyway.version=8.5.13, java.specification.version=25, glassfish-jstl.version=1.2.6, java.vendor.url=https://adoptium.net/, env.CHROME_CRASHPAD_PIPE_NAME=\\.\pipe\crashpad_5612_SPGTQMRZHLBLTGYX, sun.boot.library.path=C:\Program Files\Eclipse Adoptium\jdk-25.0.4.7-hotspot\bin, sun.java.command=org.codehaus.plexus.classworlds.launcher.Launcher -X clean compile, jdk.debug=release, maven.version=3.9.16, java.specification.name=Java Platform API Specification, env.USERDOMAIN_ROAMINGPROFILE=LAPTOP-KOJ40SMV, maven-install-plugin.version=2.5.2, byte-buddy.version=1.12.13, java.runtime.version=25.0.4+7-LTS, env.COMPUTERNAME=LAPTOP-KOJ40SMV, micrometer.version=1.9.3, rxjava-adapter.version=1.2.1, java.io.tmpdir=C:\Users\virat\AppData\Local\Temp\, java.version=25.0.4, build-helper-maven-plugin.version=3.3.0, mockito.version=4.5.1, java.vm.specification.name=Java Virtual Machine Specification, infinispan.version=13.0.10.Final, maven-assembly-plugin.version=3.3.0, java.library.path=C:\Program Files\Eclipse Adoptium\jdk-25.0.4.7-hotspot\bin;C:\WINDOWS\Sun\Java\bin;C:\WINDOWS\system32;C:\WINDOWS;c:\Users\virat\AppData\Roaming\Code\User\globalStorage\github.copilot-chat\debugCommand;c:\Users\virat\AppData\Roaming\Code\User\globalStorage\github.copilot-chat\copilotCli;C:\Program Files\Eclipse Adoptium\jdk-25.0.4.7-hotspot\bin;C:\app\virat\product\21c\dbhomeXE\bin;C:\Program Files\Common Files\Oracle\Java\javapath;C:\WINDOWS\system32;C:\WINDOWS;C:\WINDOWS\System32\Wbem;C:\WINDOWS\System32\WindowsPowerShell\v1.0\;C:\WINDOWS\System32\OpenSSH\;C:\Program Files\nodejs\;C:\Users\virat\Downloads\maven\apache-maven-3.9.16\bin;C:\Program Files\Git\cmd;C:\Program Files\MySQL\MySQL Server 8.0\bin;C:\Program Files\MySQL\MySQL Shell 8.0\bin\;C:\Users\virat\AppData\Local\Microsoft\WindowsApps;C:\Users\virat\AppData\Local\Programs\Microsoft VS Code\bin;C:\Users\virat\AppData\Roaming\npm;C:\Users\virat\AppData\Local\GitHubDesktop\bin;., java.vendor=Eclipse Adoptium, jakarta-servlet.version=4.0.4, thymeleaf-extras-java8time.version=3.0.4.RELEASE, undertow.version=2.2.19.Final, mariadb.version=3.0.7, thymeleaf-extras-data-attribute.version=2.0.1, jakarta-xml-bind.version=2.3.3, env.LANG=en_US.UTF-8, maven.compiler.source=11, javax-transaction.version=1.3, env.ALLUSERSPROFILE=C:\ProgramData, reactive-streams.version=1.0.4, querydsl.version=5.0.0, thymeleaf-layout-dialect.version=3.0.0, commons-pool.version=1.6, env.PATHEXT=.COM;.EXE;.BAT;.CMD;.VBS;.VBE;.JS;.JSE;.WSF;.WSH;.MSC, jakarta-jms.version=2.0.3, java.vm.name=OpenJDK 64-Bit Server VM, maven-help-plugin.version=3.2.0, json-path.version=2.7.0, env.EFC_17844_1592913036=1, johnzon.version=1.2.18, env.USERNAME=virat, os.arch=amd64, derby.version=10.14.2.0, javax-jsonb.version=1.0, rxjava2.version=2.2.21, javax-jaxws.version=2.3.1, json-smart.version=2.4.8, env.VSCODE_GIT_ASKPASS_MAIN=c:\Users\virat\AppData\Roaming\Code\User\globalStorage\vscode.git\askpass\70789581cae28aa7\askpass-main.js, h2.version=2.1.214, env.JAVA_HOME=C:\Program Files\Eclipse Adoptium\jdk-25.0.4.7-hotspot\, java.vm.compressedOopsMode=Zero based, sqlite-jdbc.version=3.36.0.3, jakarta-servlet-jsp-jstl.version=1.2.7, env.PYTHONSTARTUP=c:\Users\virat\AppData\Roaming\Code\User\workspaceStorage\73e0787595555e5618bb926601fd1f1e\ms-python.python\pythonrc.py, activemq.version=5.16.5, jtds.version=1.3.1, spring-security.version=5.7.3, hibernate-validator.version=6.2.4.Final, assertj.version=3.22.0, env.SYSTEMDRIVE=C:, influxdb-java.version=2.22, sun.os.patch.level=, maven.compiler.target=11, jakarta-xml-ws.version=2.3.3, env.WINDIR=C:\WINDOWS, commons-pool2.version=2.11.1, spring-retry.version=1.3.3, maven-antrun-plugin.version=3.0.0, maven.conf=C:\Users\virat\Downloads\maven\apache-maven-3.9.16/conf, sun.java.launcher=SUN_STANDARD, env.INTERNAL_MAVEN_OPTS=--enable-native-access=ALL-UNNAMED , env.JAVACMD=C:\Program Files\Eclipse Adoptium\jdk-25.0.4.7-hotspot\\bin\java.exe, env.VSCODE_GIT_IPC_HANDLE=\\.\pipe\vscode-git-b114aa28fb-sock, javax-json.version=1.1.4, jboss-logging.version=3.4.3.Final, maven-resources-plugin.version=3.2.0, javax-validation.version=2.0.1.Final, netty.version=4.1.79.Final, env.VSCODE_GIT_ASKPASS_EXTRA_ARGS=, jetty.version=9.4.48.v20220622, elasticsearch.version=7.17.4, rest-assured.version=4.5.1, log4j2.version=2.17.2, spring-framework.version=5.3.22, git-commit-id-plugin.version=4.9.10, hazelcast-hibernate5.version=2.2.1, htmlunit.version=2.60.0, sun.cpu.isalist=amd64, sun.arch.data.model=64, thymeleaf.version=3.0.15.RELEASE, maven-jar-plugin.version=3.2.2, env.SYSTEMROOT=C:\WINDOWS, maven-compiler-plugin.version=3.10.1, java.specification.vendor=Oracle Corporation, rabbit-amqp-client.version=5.14.2, spring-amqp.version=2.4.6, maven-war-plugin.version=3.3.2, user.script=, jsonassert.version=1.5.1, file.encoding=UTF-8, jakarta-annotation.version=1.3.5, env.HOMEPATH=\Users\virat, liquibase.version=4.9.1, httpcore.version=4.4.15, classworlds.conf=C:\Users\virat\Downloads\maven\apache-maven-3.9.16\bin\m2.conf, sun.io.unicode.encoding=UnicodeLittle, jakarta-management.version=1.1.4, sendgrid.version=4.9.3, env.=::=::\, reactor-bom.version=2020.0.22, maven-enforcer-plugin.version=3.0.0, jstl.version=1.2, quartz.version=2.3.2, spring-hateoas.version=1.5.1, stdout.encoding=Cp1252, path.separator=;, env.CLASSWORLDS_LAUNCHER=org.codehaus.plexus.classworlds.launcher.Launcher, maven.multiModuleProjectDirectory=C:\Aravind\Fresh-Basket\Fresh_Basket_Backend\fresh_Basket, env.VSCODE_GIT_ASKPASS_NODE=C:\Users\virat\AppData\Local\Programs\Microsoft VS Code\Code.exe, env.MAVEN_PROJECTBASEDIR=C:\Aravind\Fresh-Basket\Fresh_Basket_Backend\fresh_Basket, stdin.encoding=cp437, xml-maven-plugin.version=1.0.2, okhttp.version=4.9.3, slf4j.version=1.7.36, r2dbc-bom.version=Borca-SR1, solr.version=8.11.2, hikaricp.version=4.0.3, jakarta-json-bind.version=1.0.2, env.PROCESSOR_REVISION=5000, jersey.version=2.35, user.name=virat, atomikos.version=4.0.6, aspectj.version=1.9.7, env.PSMODULEPATH=C:\Program Files\WindowsPowerShell\Modules;C:\WINDOWS\system32\WindowsPowerShell\v1.0\Modules, webjars-locator-core.version=0.50, project.reporting.outputEncoding=UTF-8, env.LOGONSERVER=\\LAPTOP-KOJ40SMV, awaitility.version=4.2.0, dependency-management-plugin.version=1.0.13.RELEASE, java.vm.vendor=Eclipse Adoptium, user.variant=, maven-javadoc-plugin.version=3.4.1, artemis.version=2.19.1, sun.cpu.endian=little, versions-maven-plugin.version=2.10.0, user.language=en, javax-mail.version=1.6.2, javax-annotation.version=1.3.2, mysql.version=8.0.30, classmate.version=1.5.1, antlr2.version=2.7.7, jooq.version=3.14.16, java.vendor.url.bug=https://github.com/adoptium/adoptium-support/issues, env.VSCODE_NONCE=4dfed956-1160-44e0-a850-7546ddecc751, java.vm.version=25.0.4+7-LTS, jakarta-activation.version=1.2.2}
[INFO] Using 'UTF-8' encoding to copy filtered resources.
[INFO] Using 'UTF-8' encoding to copy filtered properties files.
[DEBUG] resource with targetPath null
directory C:\Aravind\Fresh-Basket\Fresh_Basket_Backend\fresh_Basket\src\main\resources
excludes []
includes [**/application*.yml, **/application*.yaml, **/application*.properties]
[DEBUG] ignoreDelta true
[INFO] Copying 1 resource
[DEBUG] Copying file application.properties
[DEBUG] file application.properties has a filtered file extension
[DEBUG] Using 'UTF-8' encoding to copy filtered resource 'application.properties'.
[DEBUG] filtering C:\Aravind\Fresh-Basket\Fresh_Basket_Backend\fresh_Basket\src\main\resources\application.properties to C:\Aravind\Fresh-Basket\Fresh_Basket_Backend\fresh_Basket\target\classes\application.properties
[DEBUG] resource with targetPath null
directory C:\Aravind\Fresh-Basket\Fresh_Basket_Backend\fresh_Basket\src\main\resources
excludes [**/application*.yml, **/application*.yaml, **/application*.properties]
includes []
[DEBUG] ignoreDelta true
[INFO] Copying 0 resource
[DEBUG] no use filter components
[INFO] 
[INFO] --- compiler:3.10.1:compile (default-compile) @ fresh_cart ---
[DEBUG] Dependency collection stats {ConflictMarker.analyzeTime=72700, ConflictMarker.markTime=31200, ConflictMarker.nodeCount=17, ConflictIdSorter.graphTime=12600, ConflictIdSorter.topsortTime=24900, ConflictIdSorter.conflictIdCount=12, ConflictIdSorter.conflictIdCycleCount=0, ConflictResolver.totalTime=391100, ConflictResolver.conflictItemCount=17, DfDependencyCollector.collectTime=54350600, DfDependencyCollector.transformTime=560900}
[DEBUG] org.apache.maven.plugins:maven-compiler-plugin:jar:3.10.1
[DEBUG]    org.apache.maven.shared:maven-shared-utils:jar:3.3.4:compile
[DEBUG]       commons-io:commons-io:jar:2.6:compile
[DEBUG]    org.apache.maven.shared:maven-shared-incremental:jar:1.1:compile
[DEBUG]       org.codehaus.plexus:plexus-component-annotations:jar:2.0.0:compile (version managed from default)
[DEBUG]    org.codehaus.plexus:plexus-java:jar:1.1.1:compile
[DEBUG]       org.ow2.asm:asm:jar:9.2:compile
[DEBUG]       com.thoughtworks.qdox:qdox:jar:2.0.1:compile (version managed from default)
[DEBUG]    org.codehaus.plexus:plexus-compiler-api:jar:2.11.1:compile
[DEBUG]       org.codehaus.plexus:plexus-utils:jar:3.4.1:compile
[DEBUG]    org.codehaus.plexus:plexus-compiler-manager:jar:2.11.1:compile
[DEBUG]    org.codehaus.plexus:plexus-compiler-javac:jar:2.11.1:runtime
[DEBUG] Created new class realm plugin>org.apache.maven.plugins:maven-compiler-plugin:3.10.1
[DEBUG] Importing foreign packages into class realm plugin>org.apache.maven.plugins:maven-compiler-plugin:3.10.1
[DEBUG]   Imported:  < maven.api
[DEBUG] Populating class realm plugin>org.apache.maven.plugins:maven-compiler-plugin:3.10.1
[DEBUG]   Included: org.apache.maven.plugins:maven-compiler-plugin:jar:3.10.1
[DEBUG]   Included: org.apache.maven.shared:maven-shared-utils:jar:3.3.4
[DEBUG]   Included: commons-io:commons-io:jar:2.6
[DEBUG]   Included: org.apache.maven.shared:maven-shared-incremental:jar:1.1
[DEBUG]   Included: org.codehaus.plexus:plexus-component-annotations:jar:2.0.0
[DEBUG]   Included: org.codehaus.plexus:plexus-java:jar:1.1.1
[DEBUG]   Included: org.ow2.asm:asm:jar:9.2
[DEBUG]   Included: com.thoughtworks.qdox:qdox:jar:2.0.1
[DEBUG]   Included: org.codehaus.plexus:plexus-compiler-api:jar:2.11.1
[DEBUG]   Included: org.codehaus.plexus:plexus-utils:jar:3.4.1
[DEBUG]   Included: org.codehaus.plexus:plexus-compiler-manager:jar:2.11.1
[DEBUG]   Included: org.codehaus.plexus:plexus-compiler-javac:jar:2.11.1
[DEBUG] Loading mojo org.apache.maven.plugins:maven-compiler-plugin:3.10.1:compile from plugin realm ClassRealm[plugin>org.apache.maven.plugins:maven-compiler-plugin:3.10.1, parent: jdk.internal.loader.ClassLoaders$AppClassLoader@1affbebc]
[DEBUG] Configuring mojo execution 'org.apache.maven.plugins:maven-compiler-plugin:3.10.1:compile:default-compile' with basic configurator -->
[DEBUG]   (f) basedir = C:\Aravind\Fresh-Basket\Fresh_Basket_Backend\fresh_Basket
[DEBUG]   (f) buildDirectory = C:\Aravind\Fresh-Basket\Fresh_Basket_Backend\fresh_Basket\target
[DEBUG]   (f) compilePath = [C:\Aravind\Fresh-Basket\Fresh_Basket_Backend\fresh_Basket\target\classes, C:\Users\virat\.m2\repository\org\springframework\boot\spring-boot-starter-data-jpa\2.7.3\spring-boot-starter-data-jpa-2.7.3.jar, C:\Users\virat\.m2\repository\org\springframework\boot\spring-boot-starter-aop\2.7.3\spring-boot-starter-aop-2.7.3.jar, C:\Users\virat\.m2\repository\org\springframework\spring-aop\5.3.22\spring-aop-5.3.22.jar, C:\Users\virat\.m2\repository\org\aspectj\aspectjweaver\1.9.7\aspectjweaver-1.9.7.jar, C:\Users\virat\.m2\repository\org\springframework\boot\spring-boot-starter-jdbc\2.7.3\spring-boot-starter-jdbc-2.7.3.jar, C:\Users\virat\.m2\repository\com\zaxxer\HikariCP\4.0.3\HikariCP-4.0.3.jar, C:\Users\virat\.m2\repository\org\springframework\spring-jdbc\5.3.22\spring-jdbc-5.3.22.jar, C:\Users\virat\.m2\repository\jakarta\transaction\jakarta.transaction-api\1.3.3\jakarta.transaction-api-1.3.3.jar, C:\Users\virat\.m2\repository\jakarta\persistence\jakarta.persistence-api\2.2.3\jakarta.persistence-api-2.2.3.jar, C:\Users\virat\.m2\repository\org\hibernate\hibernate-core\5.6.10.Final\hibernate-core-5.6.10.Final.jar, C:\Users\virat\.m2\repository\org\jboss\logging\jboss-logging\3.4.3.Final\jboss-logging-3.4.3.Final.jar, C:\Users\virat\.m2\repository\net\bytebuddy\byte-buddy\1.12.13\byte-buddy-1.12.13.jar, C:\Users\virat\.m2\repository\antlr\antlr\2.7.7\antlr-2.7.7.jar, C:\Users\virat\.m2\repository\org\jboss\jandex\2.4.2.Final\jandex-2.4.2.Final.jar, C:\Users\virat\.m2\repository\com\fasterxml\classmate\1.5.1\classmate-1.5.1.jar, C:\Users\virat\.m2\repository\org\hibernate\common\hibernate-commons-annotations\5.1.2.Final\hibernate-commons-annotations-5.1.2.Final.jar, C:\Users\virat\.m2\repository\org\glassfish\jaxb\jaxb-runtime\2.3.6\jaxb-runtime-2.3.6.jar, C:\Users\virat\.m2\repository\org\glassfish\jaxb\txw2\2.3.6\txw2-2.3.6.jar, C:\Users\virat\.m2\repository\com\sun\istack\istack-commons-runtime\3.0.12\istack-commons-runtime-3.0.12.jar, C:\Users\virat\.m2\repository\org\springframework\data\spring-data-jpa\2.7.2\spring-data-jpa-2.7.2.jar, C:\Users\virat\.m2\repository\org\springframework\data\spring-data-commons\2.7.2\spring-data-commons-2.7.2.jar, C:\Users\virat\.m2\repository\org\springframework\spring-orm\5.3.22\spring-orm-5.3.22.jar, C:\Users\virat\.m2\repository\org\springframework\spring-context\5.3.22\spring-context-5.3.22.jar, C:\Users\virat\.m2\repository\org\springframework\spring-tx\5.3.22\spring-tx-5.3.22.jar, C:\Users\virat\.m2\repository\org\springframework\spring-beans\5.3.22\spring-beans-5.3.22.jar, C:\Users\virat\.m2\repository\org\slf4j\slf4j-api\1.7.36\slf4j-api-1.7.36.jar, C:\Users\virat\.m2\repository\org\springframework\spring-aspects\5.3.22\spring-aspects-5.3.22.jar, C:\Users\virat\.m2\repository\org\springframework\boot\spring-boot-starter-validation\2.7.3\spring-boot-starter-validation-2.7.3.jar, C:\Users\virat\.m2\repository\org\springframework\boot\spring-boot-starter\2.7.3\spring-boot-starter-2.7.3.jar, C:\Users\virat\.m2\repository\org\springframework\boot\spring-boot-starter-logging\2.7.3\spring-boot-starter-logging-2.7.3.jar, C:\Users\virat\.m2\repository\ch\qos\logback\logback-classic\1.2.11\logback-classic-1.2.11.jar, C:\Users\virat\.m2\repository\ch\qos\logback\logback-core\1.2.11\logback-core-1.2.11.jar, C:\Users\virat\.m2\repository\org\apache\logging\log4j\log4j-to-slf4j\2.17.2\log4j-to-slf4j-2.17.2.jar, C:\Users\virat\.m2\repository\org\apache\logging\log4j\log4j-api\2.17.2\log4j-api-2.17.2.jar, C:\Users\virat\.m2\repository\org\slf4j\jul-to-slf4j\1.7.36\jul-to-slf4j-1.7.36.jar, C:\Users\virat\.m2\repository\jakarta\annotation\jakarta.annotation-api\1.3.5\jakarta.annotation-api-1.3.5.jar, C:\Users\virat\.m2\repository\org\yaml\snakeyaml\1.30\snakeyaml-1.30.jar, C:\Users\virat\.m2\repository\org\apache\tomcat\embed\tomcat-embed-el\9.0.65\tomcat-embed-el-9.0.65.jar, C:\Users\virat\.m2\repository\org\hibernate\validator\hibernate-validator\6.2.4.Final\hibernate-validator-6.2.4.Final.jar, C:\Users\virat\.m2\repository\jakarta\validation\jakarta.validation-api\2.0.2\jakarta.validation-api-2.0.2.jar, C:\Users\virat\.m2\repository\org\springframework\boot\spring-boot-starter-web\2.7.3\spring-boot-starter-web-2.7.3.jar, C:\Users\virat\.m2\repository\org\springframework\boot\spring-boot-starter-json\2.7.3\spring-boot-starter-json-2.7.3.jar, C:\Users\virat\.m2\repository\com\fasterxml\jackson\core\jackson-databind\2.13.3\jackson-databind-2.13.3.jar, C:\Users\virat\.m2\repository\com\fasterxml\jackson\core\jackson-annotations\2.13.3\jackson-annotations-2.13.3.jar, C:\Users\virat\.m2\repository\com\fasterxml\jackson\datatype\jackson-datatype-jdk8\2.13.3\jackson-datatype-jdk8-2.13.3.jar, C:\Users\virat\.m2\repository\com\fasterxml\jackson\datatype\jackson-datatype-jsr310\2.13.3\jackson-datatype-jsr310-2.13.3.jar, C:\Users\virat\.m2\repository\com\fasterxml\jackson\module\jackson-module-parameter-names\2.13.3\jackson-module-parameter-names-2.13.3.jar, C:\Users\virat\.m2\repository\org\springframework\boot\spring-boot-starter-tomcat\2.7.3\spring-boot-starter-tomcat-2.7.3.jar, C:\Users\virat\.m2\repository\org\apache\tomcat\embed\tomcat-embed-core\9.0.65\tomcat-embed-core-9.0.65.jar, C:\Users\virat\.m2\repository\org\apache\tomcat\embed\tomcat-embed-websocket\9.0.65\tomcat-embed-websocket-9.0.65.jar, C:\Users\virat\.m2\repository\org\springframework\spring-web\5.3.22\spring-web-5.3.22.jar, C:\Users\virat\.m2\repository\org\springframework\spring-webmvc\5.3.22\spring-webmvc-5.3.22.jar, C:\Users\virat\.m2\repository\org\springframework\spring-expression\5.3.22\spring-expression-5.3.22.jar, C:\Users\virat\.m2\repository\org\springframework\boot\spring-boot\2.7.3\spring-boot-2.7.3.jar, C:\Users\virat\.m2\repository\org\springframework\boot\spring-boot-autoconfigure\2.7.3\spring-boot-autoconfigure-2.7.3.jar, C:\Users\virat\.m2\repository\org\projectlombok\lombok\1.18.24\lombok-1.18.24.jar, C:\Users\virat\.m2\repository\jakarta\xml\bind\jakarta.xml.bind-api\2.3.3\jakarta.xml.bind-api-2.3.3.jar, C:\Users\virat\.m2\repository\jakarta\activation\jakarta.activation-api\1.2.2\jakarta.activation-api-1.2.2.jar, C:\Users\virat\.m2\repository\org\springframework\spring-core\5.3.22\spring-core-5.3.22.jar, C:\Users\virat\.m2\repository\org\springframework\spring-jcl\5.3.22\spring-jcl-5.3.22.jar, C:\Users\virat\.m2\repository\org\modelmapper\modelmapper\3.1.0\modelmapper-3.1.0.jar, C:\Users\virat\.m2\repository\org\springdoc\springdoc-openapi-ui\1.6.4\springdoc-openapi-ui-1.6.4.jar, C:\Users\virat\.m2\repository\org\springdoc\springdoc-openapi-webmvc-core\1.6.4\springdoc-openapi-webmvc-core-1.6.4.jar, C:\Users\virat\.m2\repository\org\springdoc\springdoc-openapi-common\1.6.4\springdoc-openapi-common-1.6.4.jar, C:\Users\virat\.m2\repository\io\swagger\core\v3\swagger-core\2.1.12\swagger-core-2.1.12.jar, C:\Users\virat\.m2\repository\com\fasterxml\jackson\dataformat\jackson-dataformat-yaml\2.13.3\jackson-dataformat-yaml-2.13.3.jar, C:\Users\virat\.m2\repository\io\swagger\core\v3\swagger-annotations\2.1.12\swagger-annotations-2.1.12.jar, C:\Users\virat\.m2\repository\io\swagger\core\v3\swagger-models\2.1.12\swagger-models-2.1.12.jar, C:\Users\virat\.m2\repository\org\webjars\swagger-ui\4.1.3\swagger-ui-4.1.3.jar, C:\Users\virat\.m2\repository\org\webjars\webjars-locator-core\0.50\webjars-locator-core-0.50.jar, C:\Users\virat\.m2\repository\com\fasterxml\jackson\core\jackson-core\2.13.3\jackson-core-2.13.3.jar, C:\Users\virat\.m2\repository\io\github\classgraph\classgraph\4.8.138\classgraph-4.8.138.jar, C:\Users\virat\.m2\repository\com\razorpay\razorpay-java\1.3.9\razorpay-java-1.3.9.jar, C:\Users\virat\.m2\repository\com\squareup\okhttp3\okhttp\4.9.3\okhttp-4.9.3.jar, C:\Users\virat\.m2\repository\com\squareup\okio\okio\2.8.0\okio-2.8.0.jar, C:\Users\virat\.m2\repository\org\jetbrains\kotlin\kotlin-stdlib-common\1.6.21\kotlin-stdlib-common-1.6.21.jar, C:\Users\virat\.m2\repository\org\jetbrains\kotlin\kotlin-stdlib\1.6.21\kotlin-stdlib-1.6.21.jar, C:\Users\virat\.m2\repository\org\jetbrains\annotations\13.0\annotations-13.0.jar, C:\Users\virat\.m2\repository\com\squareup\okhttp3\logging-interceptor\4.9.3\logging-interceptor-4.9.3.jar, C:\Users\virat\.m2\repository\org\jetbrains\kotlin\kotlin-stdlib-jdk8\1.6.21\kotlin-stdlib-jdk8-1.6.21.jar, C:\Users\virat\.m2\repository\org\jetbrains\kotlin\kotlin-stdlib-jdk7\1.6.21\kotlin-stdlib-jdk7-1.6.21.jar, C:\Users\virat\.m2\repository\org\json\json\20180130\json-20180130.jar, C:\Users\virat\.m2\repository\commons-codec\commons-codec\1.15\commons-codec-1.15.jar, C:\Users\virat\.m2\repository\org\apache\commons\commons-text\1.3\commons-text-1.3.jar, C:\Users\virat\.m2\repository\org\apache\commons\commons-lang3\3.12.0\commons-lang3-3.12.0.jar]
[DEBUG]   (f) compileSourceRoots = [C:\Aravind\Fresh-Basket\Fresh_Basket_Backend\fresh_Basket\src\main\java]
[DEBUG]   (f) compilerId = javac
[DEBUG]   (f) createMissingPackageInfoClass = true
[DEBUG]   (f) debug = true
[DEBUG]   (f) debugFileName = javac
[DEBUG]   (f) enablePreview = false
[DEBUG]   (f) encoding = UTF-8
[DEBUG]   (f) failOnError = true
[DEBUG]   (f) failOnWarning = false
[DEBUG]   (f) forceJavacCompilerUse = false
[DEBUG]   (f) fork = false
[DEBUG]   (f) generatedSourcesDirectory = C:\Aravind\Fresh-Basket\Fresh_Basket_Backend\fresh_Basket\target\generated-sources\annotations
[DEBUG]   (f) mojoExecution = org.apache.maven.plugins:maven-compiler-plugin:3.10.1:compile {execution: default-compile}
[DEBUG]   (f) optimize = false
[DEBUG]   (f) outputDirectory = C:\Aravind\Fresh-Basket\Fresh_Basket_Backend\fresh_Basket\target\classes
[DEBUG]   (f) parameters = true
[DEBUG]   (f) project = MavenProject: com.app:fresh_cart:0.0.1-SNAPSHOT @ C:\Aravind\Fresh-Basket\Fresh_Basket_Backend\fresh_Basket\pom.xml
[DEBUG]   (f) projectArtifact = com.app:fresh_cart:jar:0.0.1-SNAPSHOT
[DEBUG]   (f) session = org.apache.maven.execution.MavenSession@1a96d94c
[DEBUG]   (f) showDeprecation = false
[DEBUG]   (f) showWarnings = false
[DEBUG]   (f) skipMultiThreadWarning = false
[DEBUG]   (f) source = 11
[DEBUG]   (f) staleMillis = 0
[DEBUG]   (s) target = 11
[DEBUG]   (f) useIncrementalCompilation = true
[DEBUG]   (f) verbose = false
[DEBUG] -- end configuration --
[DEBUG] Using compiler 'javac'.
[DEBUG] Adding C:\Aravind\Fresh-Basket\Fresh_Basket_Backend\fresh_Basket\target\generated-sources\annotations to compile source roots:
  C:\Aravind\Fresh-Basket\Fresh_Basket_Backend\fresh_Basket\src\main\java
[DEBUG] New compile source roots:
  C:\Aravind\Fresh-Basket\Fresh_Basket_Backend\fresh_Basket\src\main\java
  C:\Aravind\Fresh-Basket\Fresh_Basket_Backend\fresh_Basket\target\generated-sources\annotations
[DEBUG] CompilerReuseStrategy: reuseCreated
[DEBUG] useIncrementalCompilation enabled
[DEBUG] Stale source detected: C:\Aravind\Fresh-Basket\Fresh_Basket_Backend\fresh_Basket\src\main\java\com\app\dao\SellerRepository.java
[DEBUG] Stale source detected: C:\Aravind\Fresh-Basket\Fresh_Basket_Backend\fresh_Basket\src\main\java\com\app\dto\CartDto.java
[DEBUG] Stale source detected: C:\Aravind\Fresh-Basket\Fresh_Basket_Backend\fresh_Basket\src\main\java\com\app\config\SecurityConfig.java
[DEBUG] Stale source detected: C:\Aravind\Fresh-Basket\Fresh_Basket_Backend\fresh_Basket\src\main\java\com\app\dao\CartRepository.java
[DEBUG] Stale source detected: C:\Aravind\Fresh-Basket\Fresh_Basket_Backend\fresh_Basket\src\main\java\com\app\dto\SellerDto.java
[DEBUG] Stale source detected: C:\Aravind\Fresh-Basket\Fresh_Basket_Backend\fresh_Basket\src\main\java\com\app\controllers\FileControllerImpl.java
[DEBUG] Stale source detected: C:\Aravind\Fresh-Basket\Fresh_Basket_Backend\fresh_Basket\src\main\java\com\app\dto\CartItemDto.java
[DEBUG] Stale source detected: C:\Aravind\Fresh-Basket\Fresh_Basket_Backend\fresh_Basket\src\main\java\com\app\filters\JWTRequestFilter.java
[DEBUG] Stale source detected: C:\Aravind\Fresh-Basket\Fresh_Basket_Backend\fresh_Basket\src\main\java\com\app\exceptions\ResourceNotFoundException.java
[DEBUG] Stale source detected: C:\Aravind\Fresh-Basket\Fresh_Basket_Backend\fresh_Basket\src\main\java\com\app\dto\ProductDto.java
[DEBUG] Stale source detected: C:\Aravind\Fresh-Basket\Fresh_Basket_Backend\fresh_Basket\src\main\java\com\app\dto\SellerSignupRequest.java
[DEBUG] Stale source detected: C:\Aravind\Fresh-Basket\Fresh_Basket_Backend\fresh_Basket\src\main\java\com\app\config\SwaggerConfig.java
[DEBUG] Stale source detected: C:\Aravind\Fresh-Basket\Fresh_Basket_Backend\fresh_Basket\src\main\java\com\app\controllers\AdminController.java
[DEBUG] Stale source detected: C:\Aravind\Fresh-Basket\Fresh_Basket_Backend\fresh_Basket\src\main\java\com\app\controllers\CategoryController.java
[DEBUG] Stale source detected: C:\Aravind\Fresh-Basket\Fresh_Basket_Backend\fresh_Basket\src\main\java\com\app\entities\OrderEntity.java
[DEBUG] Stale source detected: C:\Aravind\Fresh-Basket\Fresh_Basket_Backend\fresh_Basket\src\main\java\com\app\security\CustomUserDetailsServiceImpl.java
[DEBUG] Stale source detected: C:\Aravind\Fresh-Basket\Fresh_Basket_Backend\fresh_Basket\src\main\java\com\app\dao\CategoryRepository.java
[DEBUG] Stale source detected: C:\Aravind\Fresh-Basket\Fresh_Basket_Backend\fresh_Basket\src\main\java\com\app\dao\UserRepository.java
[DEBUG] Stale source detected: C:\Aravind\Fresh-Basket\Fresh_Basket_Backend\fresh_Basket\src\main\java\com\app\dto\ApiResponse.java
[DEBUG] Stale source detected: C:\Aravind\Fresh-Basket\Fresh_Basket_Backend\fresh_Basket\src\main\java\com\app\exceptions\CategoryHandlingException.java
[DEBUG] Stale source detected: C:\Aravind\Fresh-Basket\Fresh_Basket_Backend\fresh_Basket\src\main\java\com\app\dto\UserDto.java
[DEBUG] Stale source detected: C:\Aravind\Fresh-Basket\Fresh_Basket_Backend\fresh_Basket\src\main\java\com\app\service\CategoryServiceImpl.java
[DEBUG] Stale source detected: C:\Aravind\Fresh-Basket\Fresh_Basket_Backend\fresh_Basket\src\main\java\com\app\security\CustomUserDetails.java
[DEBUG] Stale source detected: C:\Aravind\Fresh-Basket\Fresh_Basket_Backend\fresh_Basket\src\main\java\com\app\dto\SellerLoginRequest.java
[DEBUG] Stale source detected: C:\Aravind\Fresh-Basket\Fresh_Basket_Backend\fresh_Basket\src\main\java\com\app\exceptions\GlobalExceptionHandler.java
[DEBUG] Stale source detected: C:\Aravind\Fresh-Basket\Fresh_Basket_Backend\fresh_Basket\src\main\java\com\app\entities\Packate.java
[DEBUG] Stale source detected: C:\Aravind\Fresh-Basket\Fresh_Basket_Backend\fresh_Basket\src\main\java\com\app\entities\PaymentUpdatePackate.java
[DEBUG] Stale source detected: C:\Aravind\Fresh-Basket\Fresh_Basket_Backend\fresh_Basket\src\main\java\com\app\dto\UserLoginRequest.java
[DEBUG] Stale source detected: C:\Aravind\Fresh-Basket\Fresh_Basket_Backend\fresh_Basket\src\main\java\com\app\dto\UserSignupRequest.java
[DEBUG] Stale source detected: C:\Aravind\Fresh-Basket\Fresh_Basket_Backend\fresh_Basket\src\main\java\com\app\jwt_utils\JwtUtils.java
[DEBUG] Stale source detected: C:\Aravind\Fresh-Basket\Fresh_Basket_Backend\fresh_Basket\src\main\java\com\app\dao\OrderRepository.java
[DEBUG] Stale source detected: C:\Aravind\Fresh-Basket\Fresh_Basket_Backend\fresh_Basket\src\main\java\com\app\dto\CategoryDto.java
[DEBUG] Stale source detected: C:\Aravind\Fresh-Basket\Fresh_Basket_Backend\fresh_Basket\src\main\java\com\app\entities\Cart.java
[DEBUG] Stale source detected: C:\Aravind\Fresh-Basket\Fresh_Basket_Backend\fresh_Basket\src\main\java\com\app\exceptions\ProductHandlingException.java
[DEBUG] Stale source detected: C:\Aravind\Fresh-Basket\Fresh_Basket_Backend\fresh_Basket\src\main\java\com\app\utils\StorageServiceImpl.java
[DEBUG] Stale source detected: C:\Aravind\Fresh-Basket\Fresh_Basket_Backend\fresh_Basket\src\main\java\com\app\service\IProductService.java
[DEBUG] Stale source detected: C:\Aravind\Fresh-Basket\Fresh_Basket_Backend\fresh_Basket\src\main\java\com\app\service\UserServiceImpl.java
[DEBUG] Stale source detected: C:\Aravind\Fresh-Basket\Fresh_Basket_Backend\fresh_Basket\src\main\java\com\app\entities\Category.java
[DEBUG] Stale source detected: C:\Aravind\Fresh-Basket\Fresh_Basket_Backend\fresh_Basket\src\main\java\com\app\dao\CartItemRepository.java
[DEBUG] Stale source detected: C:\Aravind\Fresh-Basket\Fresh_Basket_Backend\fresh_Basket\src\main\java\com\app\controllers\PaymentController.java
[DEBUG] Stale source detected: C:\Aravind\Fresh-Basket\Fresh_Basket_Backend\fresh_Basket\src\main\java\com\app\controllers\SellerController.java
[DEBUG] Stale source detected: C:\Aravind\Fresh-Basket\Fresh_Basket_Backend\fresh_Basket\src\main\java\com\app\service\ICategoryService.java
[DEBUG] Stale source detected: C:\Aravind\Fresh-Basket\Fresh_Basket_Backend\fresh_Basket\src\main\java\com\app\dto\SellerLoginResponse.java
[DEBUG] Stale source detected: C:\Aravind\Fresh-Basket\Fresh_Basket_Backend\fresh_Basket\src\main\java\com\app\entities\Seller.java
[DEBUG] Stale source detected: C:\Aravind\Fresh-Basket\Fresh_Basket_Backend\fresh_Basket\src\main\java\com\app\service\CartServiceImpl.java
[DEBUG] Stale source detected: C:\Aravind\Fresh-Basket\Fresh_Basket_Backend\fresh_Basket\src\main\java\com\app\controllers\CartController.java
[DEBUG] Stale source detected: C:\Aravind\Fresh-Basket\Fresh_Basket_Backend\fresh_Basket\src\main\java\com\app\service\ICartItemService.java
[DEBUG] Stale source detected: C:\Aravind\Fresh-Basket\Fresh_Basket_Backend\fresh_Basket\src\main\java\com\app\dto\BaseDto.java
[DEBUG] Stale source detected: C:\Aravind\Fresh-Basket\Fresh_Basket_Backend\fresh_Basket\src\main\java\com\app\service\ProductServiceImpl.java
[DEBUG] Stale source detected: C:\Aravind\Fresh-Basket\Fresh_Basket_Backend\fresh_Basket\src\main\java\com\app\controllers\UserController.java
[DEBUG] Stale source detected: C:\Aravind\Fresh-Basket\Fresh_Basket_Backend\fresh_Basket\src\main\java\com\app\controllers\ProductController.java
[DEBUG] Stale source detected: C:\Aravind\Fresh-Basket\Fresh_Basket_Backend\fresh_Basket\src\main\java\com\app\controllers\SignInSignUpController.java
[DEBUG] Stale source detected: C:\Aravind\Fresh-Basket\Fresh_Basket_Backend\fresh_Basket\src\main\java\com\app\service\IUserService.java
[DEBUG] Stale source detected: C:\Aravind\Fresh-Basket\Fresh_Basket_Backend\fresh_Basket\src\main\java\com\app\service\SellerServiceImpl.java
[DEBUG] Stale source detected: C:\Aravind\Fresh-Basket\Fresh_Basket_Backend\fresh_Basket\src\main\java\com\app\service\CartItemServiceImpl.java
[DEBUG] Stale source detected: C:\Aravind\Fresh-Basket\Fresh_Basket_Backend\fresh_Basket\src\main\java\com\app\entities\BaseEntity.java
[DEBUG] Stale source detected: C:\Aravind\Fresh-Basket\Fresh_Basket_Backend\fresh_Basket\src\main\java\com\app\dao\ProductRepository.java
[DEBUG] Stale source detected: C:\Aravind\Fresh-Basket\Fresh_Basket_Backend\fresh_Basket\src\main\java\com\app\FreshCartApplication.java
[DEBUG] Stale source detected: C:\Aravind\Fresh-Basket\Fresh_Basket_Backend\fresh_Basket\src\main\java\com\app\utils\IStorageService.java
[DEBUG] Stale source detected: C:\Aravind\Fresh-Basket\Fresh_Basket_Backend\fresh_Basket\src\main\java\com\app\exceptions\UserHandlingException.java
[DEBUG] Stale source detected: C:\Aravind\Fresh-Basket\Fresh_Basket_Backend\fresh_Basket\src\main\java\com\app\service\ISellerService.java
[DEBUG] Stale source detected: C:\Aravind\Fresh-Basket\Fresh_Basket_Backend\fresh_Basket\src\main\java\com\app\dto\UserLoginResponse.java
[DEBUG] Stale source detected: C:\Aravind\Fresh-Basket\Fresh_Basket_Backend\fresh_Basket\src\main\java\com\app\entities\CartItem.java
[DEBUG] Stale source detected: C:\Aravind\Fresh-Basket\Fresh_Basket_Backend\fresh_Basket\src\main\java\com\app\service\ICartService.java
[DEBUG] Stale source detected: C:\Aravind\Fresh-Basket\Fresh_Basket_Backend\fresh_Basket\src\main\java\com\app\entities\Product.java
[DEBUG] Stale source detected: C:\Aravind\Fresh-Basket\Fresh_Basket_Backend\fresh_Basket\src\main\java\com\app\entities\User.java
[DEBUG] Stale source detected: C:\Aravind\Fresh-Basket\Fresh_Basket_Backend\fresh_Basket\src\main\java\com\app\dto\AuthResp.java
[INFO] Changes detected - recompiling the module!
[DEBUG] Classpath:
[DEBUG]  C:\Aravind\Fresh-Basket\Fresh_Basket_Backend\fresh_Basket\target\classes
[DEBUG]  C:\Users\virat\.m2\repository\org\springframework\boot\spring-boot-starter-data-jpa\2.7.3\spring-boot-starter-data-jpa-2.7.3.jar
[DEBUG]  C:\Users\virat\.m2\repository\org\springframework\boot\spring-boot-starter-aop\2.7.3\spring-boot-starter-aop-2.7.3.jar
[DEBUG]  C:\Users\virat\.m2\repository\org\springframework\spring-aop\5.3.22\spring-aop-5.3.22.jar
[DEBUG]  C:\Users\virat\.m2\repository\org\aspectj\aspectjweaver\1.9.7\aspectjweaver-1.9.7.jar
[DEBUG]  C:\Users\virat\.m2\repository\org\springframework\boot\spring-boot-starter-jdbc\2.7.3\spring-boot-starter-jdbc-2.7.3.jar
[DEBUG]  C:\Users\virat\.m2\repository\com\zaxxer\HikariCP\4.0.3\HikariCP-4.0.3.jar
[DEBUG]  C:\Users\virat\.m2\repository\org\springframework\spring-jdbc\5.3.22\spring-jdbc-5.3.22.jar
[DEBUG]  C:\Users\virat\.m2\repository\jakarta\transaction\jakarta.transaction-api\1.3.3\jakarta.transaction-api-1.3.3.jar
[DEBUG]  C:\Users\virat\.m2\repository\jakarta\persistence\jakarta.persistence-api\2.2.3\jakarta.persistence-api-2.2.3.jar
[DEBUG]  C:\Users\virat\.m2\repository\org\hibernate\hibernate-core\5.6.10.Final\hibernate-core-5.6.10.Final.jar
[DEBUG]  C:\Users\virat\.m2\repository\org\jboss\logging\jboss-logging\3.4.3.Final\jboss-logging-3.4.3.Final.jar
[DEBUG]  C:\Users\virat\.m2\repository\net\bytebuddy\byte-buddy\1.12.13\byte-buddy-1.12.13.jar
[DEBUG]  C:\Users\virat\.m2\repository\antlr\antlr\2.7.7\antlr-2.7.7.jar
[DEBUG]  C:\Users\virat\.m2\repository\org\jboss\jandex\2.4.2.Final\jandex-2.4.2.Final.jar
[DEBUG]  C:\Users\virat\.m2\repository\com\fasterxml\classmate\1.5.1\classmate-1.5.1.jar
[DEBUG]  C:\Users\virat\.m2\repository\org\hibernate\common\hibernate-commons-annotations\5.1.2.Final\hibernate-commons-annotations-5.1.2.Final.jar
[DEBUG]  C:\Users\virat\.m2\repository\org\glassfish\jaxb\jaxb-runtime\2.3.6\jaxb-runtime-2.3.6.jar
[DEBUG]  C:\Users\virat\.m2\repository\org\glassfish\jaxb\txw2\2.3.6\txw2-2.3.6.jar
[DEBUG]  C:\Users\virat\.m2\repository\com\sun\istack\istack-commons-runtime\3.0.12\istack-commons-runtime-3.0.12.jar
[DEBUG]  C:\Users\virat\.m2\repository\org\springframework\data\spring-data-jpa\2.7.2\spring-data-jpa-2.7.2.jar
[DEBUG]  C:\Users\virat\.m2\repository\org\springframework\data\spring-data-commons\2.7.2\spring-data-commons-2.7.2.jar
[DEBUG]  C:\Users\virat\.m2\repository\org\springframework\spring-orm\5.3.22\spring-orm-5.3.22.jar
[DEBUG]  C:\Users\virat\.m2\repository\org\springframework\spring-context\5.3.22\spring-context-5.3.22.jar
[DEBUG]  C:\Users\virat\.m2\repository\org\springframework\spring-tx\5.3.22\spring-tx-5.3.22.jar
[DEBUG]  C:\Users\virat\.m2\repository\org\springframework\spring-beans\5.3.22\spring-beans-5.3.22.jar
[DEBUG]  C:\Users\virat\.m2\repository\org\slf4j\slf4j-api\1.7.36\slf4j-api-1.7.36.jar
[DEBUG]  C:\Users\virat\.m2\repository\org\springframework\spring-aspects\5.3.22\spring-aspects-5.3.22.jar
[DEBUG]  C:\Users\virat\.m2\repository\org\springframework\boot\spring-boot-starter-validation\2.7.3\spring-boot-starter-validation-2.7.3.jar
[DEBUG]  C:\Users\virat\.m2\repository\org\springframework\boot\spring-boot-starter\2.7.3\spring-boot-starter-2.7.3.jar
[DEBUG]  C:\Users\virat\.m2\repository\org\springframework\boot\spring-boot-starter-logging\2.7.3\spring-boot-starter-logging-2.7.3.jar
[DEBUG]  C:\Users\virat\.m2\repository\ch\qos\logback\logback-classic\1.2.11\logback-classic-1.2.11.jar
[DEBUG]  C:\Users\virat\.m2\repository\ch\qos\logback\logback-core\1.2.11\logback-core-1.2.11.jar
[DEBUG]  C:\Users\virat\.m2\repository\org\apache\logging\log4j\log4j-to-slf4j\2.17.2\log4j-to-slf4j-2.17.2.jar
[DEBUG]  C:\Users\virat\.m2\repository\org\apache\logging\log4j\log4j-api\2.17.2\log4j-api-2.17.2.jar
[DEBUG]  C:\Users\virat\.m2\repository\org\slf4j\jul-to-slf4j\1.7.36\jul-to-slf4j-1.7.36.jar
[DEBUG]  C:\Users\virat\.m2\repository\jakarta\annotation\jakarta.annotation-api\1.3.5\jakarta.annotation-api-1.3.5.jar
[DEBUG]  C:\Users\virat\.m2\repository\org\yaml\snakeyaml\1.30\snakeyaml-1.30.jar
[DEBUG]  C:\Users\virat\.m2\repository\org\apache\tomcat\embed\tomcat-embed-el\9.0.65\tomcat-embed-el-9.0.65.jar
[DEBUG]  C:\Users\virat\.m2\repository\org\hibernate\validator\hibernate-validator\6.2.4.Final\hibernate-validator-6.2.4.Final.jar
[DEBUG]  C:\Users\virat\.m2\repository\jakarta\validation\jakarta.validation-api\2.0.2\jakarta.validation-api-2.0.2.jar
[DEBUG]  C:\Users\virat\.m2\repository\org\springframework\boot\spring-boot-starter-web\2.7.3\spring-boot-starter-web-2.7.3.jar
[DEBUG]  C:\Users\virat\.m2\repository\org\springframework\boot\spring-boot-starter-json\2.7.3\spring-boot-starter-json-2.7.3.jar
[DEBUG]  C:\Users\virat\.m2\repository\com\fasterxml\jackson\core\jackson-databind\2.13.3\jackson-databind-2.13.3.jar
[DEBUG]  C:\Users\virat\.m2\repository\com\fasterxml\jackson\core\jackson-annotations\2.13.3\jackson-annotations-2.13.3.jar
[DEBUG]  C:\Users\virat\.m2\repository\com\fasterxml\jackson\datatype\jackson-datatype-jdk8\2.13.3\jackson-datatype-jdk8-2.13.3.jar
[DEBUG]  C:\Users\virat\.m2\repository\com\fasterxml\jackson\datatype\jackson-datatype-jsr310\2.13.3\jackson-datatype-jsr310-2.13.3.jar
[DEBUG]  C:\Users\virat\.m2\repository\com\fasterxml\jackson\module\jackson-module-parameter-names\2.13.3\jackson-module-parameter-names-2.13.3.jar
[DEBUG]  C:\Users\virat\.m2\repository\org\springframework\boot\spring-boot-starter-tomcat\2.7.3\spring-boot-starter-tomcat-2.7.3.jar
[DEBUG]  C:\Users\virat\.m2\repository\org\apache\tomcat\embed\tomcat-embed-core\9.0.65\tomcat-embed-core-9.0.65.jar
[DEBUG]  C:\Users\virat\.m2\repository\org\apache\tomcat\embed\tomcat-embed-websocket\9.0.65\tomcat-embed-websocket-9.0.65.jar
[DEBUG]  C:\Users\virat\.m2\repository\org\springframework\spring-web\5.3.22\spring-web-5.3.22.jar
[DEBUG]  C:\Users\virat\.m2\repository\org\springframework\spring-webmvc\5.3.22\spring-webmvc-5.3.22.jar
[DEBUG]  C:\Users\virat\.m2\repository\org\springframework\spring-expression\5.3.22\spring-expression-5.3.22.jar
[DEBUG]  C:\Users\virat\.m2\repository\org\springframework\boot\spring-boot\2.7.3\spring-boot-2.7.3.jar
[DEBUG]  C:\Users\virat\.m2\repository\org\springframework\boot\spring-boot-autoconfigure\2.7.3\spring-boot-autoconfigure-2.7.3.jar
[DEBUG]  C:\Users\virat\.m2\repository\org\projectlombok\lombok\1.18.24\lombok-1.18.24.jar
[DEBUG]  C:\Users\virat\.m2\repository\jakarta\xml\bind\jakarta.xml.bind-api\2.3.3\jakarta.xml.bind-api-2.3.3.jar
[DEBUG]  C:\Users\virat\.m2\repository\jakarta\activation\jakarta.activation-api\1.2.2\jakarta.activation-api-1.2.2.jar
[DEBUG]  C:\Users\virat\.m2\repository\org\springframework\spring-core\5.3.22\spring-core-5.3.22.jar
[DEBUG]  C:\Users\virat\.m2\repository\org\springframework\spring-jcl\5.3.22\spring-jcl-5.3.22.jar
[DEBUG]  C:\Users\virat\.m2\repository\org\modelmapper\modelmapper\3.1.0\modelmapper-3.1.0.jar
[DEBUG]  C:\Users\virat\.m2\repository\org\springdoc\springdoc-openapi-ui\1.6.4\springdoc-openapi-ui-1.6.4.jar
[DEBUG]  C:\Users\virat\.m2\repository\org\springdoc\springdoc-openapi-webmvc-core\1.6.4\springdoc-openapi-webmvc-core-1.6.4.jar
[DEBUG]  C:\Users\virat\.m2\repository\org\springdoc\springdoc-openapi-common\1.6.4\springdoc-openapi-common-1.6.4.jar
[DEBUG]  C:\Users\virat\.m2\repository\io\swagger\core\v3\swagger-core\2.1.12\swagger-core-2.1.12.jar
[DEBUG]  C:\Users\virat\.m2\repository\com\fasterxml\jackson\dataformat\jackson-dataformat-yaml\2.13.3\jackson-dataformat-yaml-2.13.3.jar
[DEBUG]  C:\Users\virat\.m2\repository\io\swagger\core\v3\swagger-annotations\2.1.12\swagger-annotations-2.1.12.jar
[DEBUG]  C:\Users\virat\.m2\repository\io\swagger\core\v3\swagger-models\2.1.12\swagger-models-2.1.12.jar
[DEBUG]  C:\Users\virat\.m2\repository\org\webjars\swagger-ui\4.1.3\swagger-ui-4.1.3.jar
[DEBUG]  C:\Users\virat\.m2\repository\org\webjars\webjars-locator-core\0.50\webjars-locator-core-0.50.jar
[DEBUG]  C:\Users\virat\.m2\repository\com\fasterxml\jackson\core\jackson-core\2.13.3\jackson-core-2.13.3.jar
[DEBUG]  C:\Users\virat\.m2\repository\io\github\classgraph\classgraph\4.8.138\classgraph-4.8.138.jar
[DEBUG]  C:\Users\virat\.m2\repository\com\razorpay\razorpay-java\1.3.9\razorpay-java-1.3.9.jar
[DEBUG]  C:\Users\virat\.m2\repository\com\squareup\okhttp3\okhttp\4.9.3\okhttp-4.9.3.jar
[DEBUG]  C:\Users\virat\.m2\repository\com\squareup\okio\okio\2.8.0\okio-2.8.0.jar
[DEBUG]  C:\Users\virat\.m2\repository\org\jetbrains\kotlin\kotlin-stdlib-common\1.6.21\kotlin-stdlib-common-1.6.21.jar
[DEBUG]  C:\Users\virat\.m2\repository\org\jetbrains\kotlin\kotlin-stdlib\1.6.21\kotlin-stdlib-1.6.21.jar
[DEBUG]  C:\Users\virat\.m2\repository\org\jetbrains\annotations\13.0\annotations-13.0.jar
[DEBUG]  C:\Users\virat\.m2\repository\com\squareup\okhttp3\logging-interceptor\4.9.3\logging-interceptor-4.9.3.jar
[DEBUG]  C:\Users\virat\.m2\repository\org\jetbrains\kotlin\kotlin-stdlib-jdk8\1.6.21\kotlin-stdlib-jdk8-1.6.21.jar
[DEBUG]  C:\Users\virat\.m2\repository\org\jetbrains\kotlin\kotlin-stdlib-jdk7\1.6.21\kotlin-stdlib-jdk7-1.6.21.jar
[DEBUG]  C:\Users\virat\.m2\repository\org\json\json\20180130\json-20180130.jar
[DEBUG]  C:\Users\virat\.m2\repository\commons-codec\commons-codec\1.15\commons-codec-1.15.jar
[DEBUG]  C:\Users\virat\.m2\repository\org\apache\commons\commons-text\1.3\commons-text-1.3.jar
[DEBUG]  C:\Users\virat\.m2\repository\org\apache\commons\commons-lang3\3.12.0\commons-lang3-3.12.0.jar
[DEBUG] Source roots:
[DEBUG]  C:\Aravind\Fresh-Basket\Fresh_Basket_Backend\fresh_Basket\src\main\java
[DEBUG]  C:\Aravind\Fresh-Basket\Fresh_Basket_Backend\fresh_Basket\target\generated-sources\annotations
[DEBUG] Command line options:
[DEBUG] -d C:\Aravind\Fresh-Basket\Fresh_Basket_Backend\fresh_Basket\target\classes -classpath C:\Aravind\Fresh-Basket\Fresh_Basket_Backend\fresh_Basket\target\classes;C:\Users\virat\.m2\repository\org\springframework\boot\spring-boot-starter-data-jpa\2.7.3\spring-boot-starter-data-jpa-2.7.3.jar;C:\Users\virat\.m2\repository\org\springframework\boot\spring-boot-starter-aop\2.7.3\spring-boot-starter-aop-2.7.3.jar;C:\Users\virat\.m2\repository\org\springframework\spring-aop\5.3.22\spring-aop-5.3.22.jar;C:\Users\virat\.m2\repository\org\aspectj\aspectjweaver\1.9.7\aspectjweaver-1.9.7.jar;C:\Users\virat\.m2\repository\org\springframework\boot\spring-boot-starter-jdbc\2.7.3\spring-boot-starter-jdbc-2.7.3.jar;C:\Users\virat\.m2\repository\com\zaxxer\HikariCP\4.0.3\HikariCP-4.0.3.jar;C:\Users\virat\.m2\repository\org\springframework\spring-jdbc\5.3.22\spring-jdbc-5.3.22.jar;C:\Users\virat\.m2\repository\jakarta\transaction\jakarta.transaction-api\1.3.3\jakarta.transaction-api-1.3.3.jar;C:\Users\virat\.m2\repository\jakarta\persistence\jakarta.persistence-api\2.2.3\jakarta.persistence-api-2.2.3.jar;C:\Users\virat\.m2\repository\org\hibernate\hibernate-core\5.6.10.Final\hibernate-core-5.6.10.Final.jar;C:\Users\virat\.m2\repository\org\jboss\logging\jboss-logging\3.4.3.Final\jboss-logging-3.4.3.Final.jar;C:\Users\virat\.m2\repository\net\bytebuddy\byte-buddy\1.12.13\byte-buddy-1.12.13.jar;C:\Users\virat\.m2\repository\antlr\antlr\2.7.7\antlr-2.7.7.jar;C:\Users\virat\.m2\repository\org\jboss\jandex\2.4.2.Final\jandex-2.4.2.Final.jar;C:\Users\virat\.m2\repository\com\fasterxml\classmate\1.5.1\classmate-1.5.1.jar;C:\Users\virat\.m2\repository\org\hibernate\common\hibernate-commons-annotations\5.1.2.Final\hibernate-commons-annotations-5.1.2.Final.jar;C:\Users\virat\.m2\repository\org\glassfish\jaxb\jaxb-runtime\2.3.6\jaxb-runtime-2.3.6.jar;C:\Users\virat\.m2\repository\org\glassfish\jaxb\txw2\2.3.6\txw2-2.3.6.jar;C:\Users\virat\.m2\repository\com\sun\istack\istack-commons-runtime\3.0.12\istack-commons-runtime-3.0.12.jar;C:\Users\virat\.m2\repository\org\springframework\data\spring-data-jpa\2.7.2\spring-data-jpa-2.7.2.jar;C:\Users\virat\.m2\repository\org\springframework\data\spring-data-commons\2.7.2\spring-data-commons-2.7.2.jar;C:\Users\virat\.m2\repository\org\springframework\spring-orm\5.3.22\spring-orm-5.3.22.jar;C:\Users\virat\.m2\repository\org\springframework\spring-context\5.3.22\spring-context-5.3.22.jar;C:\Users\virat\.m2\repository\org\springframework\spring-tx\5.3.22\spring-tx-5.3.22.jar;C:\Users\virat\.m2\repository\org\springframework\spring-beans\5.3.22\spring-beans-5.3.22.jar;C:\Users\virat\.m2\repository\org\slf4j\slf4j-api\1.7.36\slf4j-api-1.7.36.jar;C:\Users\virat\.m2\repository\org\springframework\spring-aspects\5.3.22\spring-aspects-5.3.22.jar;C:\Users\virat\.m2\repository\org\springframework\boot\spring-boot-starter-validation\2.7.3\spring-boot-starter-validation-2.7.3.jar;C:\Users\virat\.m2\repository\org\springframework\boot\spring-boot-starter\2.7.3\spring-boot-starter-2.7.3.jar;C:\Users\virat\.m2\repository\org\springframework\boot\spring-boot-starter-logging\2.7.3\spring-boot-starter-logging-2.7.3.jar;C:\Users\virat\.m2\repository\ch\qos\logback\logback-classic\1.2.11\logback-classic-1.2.11.jar;C:\Users\virat\.m2\repository\ch\qos\logback\logback-core\1.2.11\logback-core-1.2.11.jar;C:\Users\virat\.m2\repository\org\apache\logging\log4j\log4j-to-slf4j\2.17.2\log4j-to-slf4j-2.17.2.jar;C:\Users\virat\.m2\repository\org\apache\logging\log4j\log4j-api\2.17.2\log4j-api-2.17.2.jar;C:\Users\virat\.m2\repository\org\slf4j\jul-to-slf4j\1.7.36\jul-to-slf4j-1.7.36.jar;C:\Users\virat\.m2\repository\jakarta\annotation\jakarta.annotation-api\1.3.5\jakarta.annotation-api-1.3.5.jar;C:\Users\virat\.m2\repository\org\yaml\snakeyaml\1.30\snakeyaml-1.30.jar;C:\Users\virat\.m2\repository\org\apache\tomcat\embed\tomcat-embed-el\9.0.65\tomcat-embed-el-9.0.65.jar;C:\Users\virat\.m2\repository\org\hibernate\validator\hibernate-validator\6.2.4.Final\hibernate-validator-6.2.4.Final.jar;C:\Users\virat\.m2\repository\jakarta\validation\jakarta.validation-api\2.0.2\jakarta.validation-api-2.0.2.jar;C:\Users\virat\.m2\repository\org\springframework\boot\spring-boot-starter-web\2.7.3\spring-boot-starter-web-2.7.3.jar;C:\Users\virat\.m2\repository\org\springframework\boot\spring-boot-starter-json\2.7.3\spring-boot-starter-json-2.7.3.jar;C:\Users\virat\.m2\repository\com\fasterxml\jackson\core\jackson-databind\2.13.3\jackson-databind-2.13.3.jar;C:\Users\virat\.m2\repository\com\fasterxml\jackson\core\jackson-annotations\2.13.3\jackson-annotations-2.13.3.jar;C:\Users\virat\.m2\repository\com\fasterxml\jackson\datatype\jackson-datatype-jdk8\2.13.3\jackson-datatype-jdk8-2.13.3.jar;C:\Users\virat\.m2\repository\com\fasterxml\jackson\datatype\jackson-datatype-jsr310\2.13.3\jackson-datatype-jsr310-2.13.3.jar;C:\Users\virat\.m2\repository\com\fasterxml\jackson\module\jackson-module-parameter-names\2.13.3\jackson-module-parameter-names-2.13.3.jar;C:\Users\virat\.m2\repository\org\springframework\boot\spring-boot-starter-tomcat\2.7.3\spring-boot-starter-tomcat-2.7.3.jar;C:\Users\virat\.m2\repository\org\apache\tomcat\embed\tomcat-embed-core\9.0.65\tomcat-embed-core-9.0.65.jar;C:\Users\virat\.m2\repository\org\apache\tomcat\embed\tomcat-embed-websocket\9.0.65\tomcat-embed-websocket-9.0.65.jar;C:\Users\virat\.m2\repository\org\springframework\spring-web\5.3.22\spring-web-5.3.22.jar;C:\Users\virat\.m2\repository\org\springframework\spring-webmvc\5.3.22\spring-webmvc-5.3.22.jar;C:\Users\virat\.m2\repository\org\springframework\spring-expression\5.3.22\spring-expression-5.3.22.jar;C:\Users\virat\.m2\repository\org\springframework\boot\spring-boot\2.7.3\spring-boot-2.7.3.jar;C:\Users\virat\.m2\repository\org\springframework\boot\spring-boot-autoconfigure\2.7.3\spring-boot-autoconfigure-2.7.3.jar;C:\Users\virat\.m2\repository\org\projectlombok\lombok\1.18.24\lombok-1.18.24.jar;C:\Users\virat\.m2\repository\jakarta\xml\bind\jakarta.xml.bind-api\2.3.3\jakarta.xml.bind-api-2.3.3.jar;C:\Users\virat\.m2\repository\jakarta\activation\jakarta.activation-api\1.2.2\jakarta.activation-api-1.2.2.jar;C:\Users\virat\.m2\repository\org\springframework\spring-core\5.3.22\spring-core-5.3.22.jar;C:\Users\virat\.m2\repository\org\springframework\spring-jcl\5.3.22\spring-jcl-5.3.22.jar;C:\Users\virat\.m2\repository\org\modelmapper\modelmapper\3.1.0\modelmapper-3.1.0.jar;C:\Users\virat\.m2\repository\org\springdoc\springdoc-openapi-ui\1.6.4\springdoc-openapi-ui-1.6.4.jar;C:\Users\virat\.m2\repository\org\springdoc\springdoc-openapi-webmvc-core\1.6.4\springdoc-openapi-webmvc-core-1.6.4.jar;C:\Users\virat\.m2\repository\org\springdoc\springdoc-openapi-common\1.6.4\springdoc-openapi-common-1.6.4.jar;C:\Users\virat\.m2\repository\io\swagger\core\v3\swagger-core\2.1.12\swagger-core-2.1.12.jar;C:\Users\virat\.m2\repository\com\fasterxml\jackson\dataformat\jackson-dataformat-yaml\2.13.3\jackson-dataformat-yaml-2.13.3.jar;C:\Users\virat\.m2\repository\io\swagger\core\v3\swagger-annotations\2.1.12\swagger-annotations-2.1.12.jar;C:\Users\virat\.m2\repository\io\swagger\core\v3\swagger-models\2.1.12\swagger-models-2.1.12.jar;C:\Users\virat\.m2\repository\org\webjars\swagger-ui\4.1.3\swagger-ui-4.1.3.jar;C:\Users\virat\.m2\repository\org\webjars\webjars-locator-core\0.50\webjars-locator-core-0.50.jar;C:\Users\virat\.m2\repository\com\fasterxml\jackson\core\jackson-core\2.13.3\jackson-core-2.13.3.jar;C:\Users\virat\.m2\repository\io\github\classgraph\classgraph\4.8.138\classgraph-4.8.138.jar;C:\Users\virat\.m2\repository\com\razorpay\razorpay-java\1.3.9\razorpay-java-1.3.9.jar;C:\Users\virat\.m2\repository\com\squareup\okhttp3\okhttp\4.9.3\okhttp-4.9.3.jar;C:\Users\virat\.m2\repository\com\squareup\okio\okio\2.8.0\okio-2.8.0.jar;C:\Users\virat\.m2\repository\org\jetbrains\kotlin\kotlin-stdlib-common\1.6.21\kotlin-stdlib-common-1.6.21.jar;C:\Users\virat\.m2\repository\org\jetbrains\kotlin\kotlin-stdlib\1.6.21\kotlin-stdlib-1.6.21.jar;C:\Users\virat\.m2\repository\org\jetbrains\annotations\13.0\annotations-13.0.jar;C:\Users\virat\.m2\repository\com\squareup\okhttp3\logging-interceptor\4.9.3\logging-interceptor-4.9.3.jar;C:\Users\virat\.m2\repository\org\jetbrains\kotlin\kotlin-stdlib-jdk8\1.6.21\kotlin-stdlib-jdk8-1.6.21.jar;C:\Users\virat\.m2\repository\org\jetbrains\kotlin\kotlin-stdlib-jdk7\1.6.21\kotlin-stdlib-jdk7-1.6.21.jar;C:\Users\virat\.m2\repository\org\json\json\20180130\json-20180130.jar;C:\Users\virat\.m2\repository\commons-codec\commons-codec\1.15\commons-codec-1.15.jar;C:\Users\virat\.m2\repository\org\apache\commons\commons-text\1.3\commons-text-1.3.jar;C:\Users\virat\.m2\repository\org\apache\commons\commons-lang3\3.12.0\commons-lang3-3.12.0.jar; -sourcepath C:\Aravind\Fresh-Basket\Fresh_Basket_Backend\fresh_Basket\src\main\java;C:\Aravind\Fresh-Basket\Fresh_Basket_Backend\fresh_Basket\target\generated-sources\annotations; -s C:\Aravind\Fresh-Basket\Fresh_Basket_Backend\fresh_Basket\target\generated-sources\annotations -g -parameters -nowarn -target 11 -source 11 -encoding UTF-8
[DEBUG] incrementalBuildHelper#beforeRebuildExecution
[INFO] Compiling 67 source files to C:\Aravind\Fresh-Basket\Fresh_Basket_Backend\fresh_Basket\target\classes
[DEBUG] incrementalBuildHelper#afterRebuildExecution
[INFO] -------------------------------------------------------------
[ERROR] COMPILATION ERROR : 
[INFO] -------------------------------------------------------------
[ERROR] /C:/Aravind/Fresh-Basket/Fresh_Basket_Backend/fresh_Basket/src/main/java/com/app/service/SellerServiceImpl.java:[35,81] cannot find symbol
  symbol:   method getId()
  location: variable savedSeller of type com.app.entities.Seller
[ERROR] /C:/Aravind/Fresh-Basket/Fresh_Basket_Backend/fresh_Basket/src/main/java/com/app/service/SellerServiceImpl.java:[40,71] cannot find symbol
  symbol:   method getEmail()
  location: variable SellerDto of type com.app.dto.SellerLoginRequest
[ERROR] /C:/Aravind/Fresh-Basket/Fresh_Basket_Backend/fresh_Basket/src/main/java/com/app/service/SellerServiceImpl.java:[40,92] cannot find symbol
  symbol:   method getPassword()
  location: variable SellerDto of type com.app.dto.SellerLoginRequest
[ERROR] /C:/Aravind/Fresh-Basket/Fresh_Basket_Backend/fresh_Basket/src/main/java/com/app/service/SellerServiceImpl.java:[59,41] cannot find symbol
  symbol:   method getName()
  location: variable sellerDto of type com.app.dto.SellerDto
[ERROR] /C:/Aravind/Fresh-Basket/Fresh_Basket_Backend/fresh_Basket/src/main/java/com/app/service/SellerServiceImpl.java:[60,44] cannot find symbol
  symbol:   method getAddress()
  location: variable sellerDto of type com.app.dto.SellerDto
[ERROR] /C:/Aravind/Fresh-Basket/Fresh_Basket_Backend/fresh_Basket/src/main/java/com/app/service/SellerServiceImpl.java:[61,42] cannot find symbol
  symbol:   method getEmail()
  location: variable sellerDto of type com.app.dto.SellerDto
[ERROR] /C:/Aravind/Fresh-Basket/Fresh_Basket_Backend/fresh_Basket/src/main/java/com/app/service/SellerServiceImpl.java:[62,42] cannot find symbol
  symbol:   method getGstin()
  location: variable sellerDto of type com.app.dto.SellerDto
[ERROR] /C:/Aravind/Fresh-Basket/Fresh_Basket_Backend/fresh_Basket/src/main/java/com/app/service/SellerServiceImpl.java:[63,45] cannot find symbol
  symbol:   method getPassword()
  location: variable sellerDto of type com.app.dto.SellerDto
[ERROR] /C:/Aravind/Fresh-Basket/Fresh_Basket_Backend/fresh_Basket/src/main/java/com/app/service/SellerServiceImpl.java:[64,42] cannot find symbol
  symbol:   method getPhone()
  location: variable sellerDto of type com.app.dto.SellerDto
[ERROR] /C:/Aravind/Fresh-Basket/Fresh_Basket_Backend/fresh_Basket/src/main/java/com/app/service/SellerServiceImpl.java:[65,41] cannot find symbol
  symbol:   method getCity()
  location: variable sellerDto of type com.app.dto.SellerDto
[ERROR] /C:/Aravind/Fresh-Basket/Fresh_Basket_Backend/fresh_Basket/src/main/java/com/app/service/SellerServiceImpl.java:[66,44] cannot find symbol
  symbol:   method getRevenue()
  location: variable sellerDto of type com.app.dto.SellerDto
[ERROR] /C:/Aravind/Fresh-Basket/Fresh_Basket_Backend/fresh_Basket/src/main/java/com/app/service/SellerServiceImpl.java:[67,40] cannot find symbol
  symbol:   method getPin()
  location: variable sellerDto of type com.app.dto.SellerDto
[ERROR] /C:/Aravind/Fresh-Basket/Fresh_Basket_Backend/fresh_Basket/src/main/java/com/app/service/SellerServiceImpl.java:[85,64] cannot find symbol
  symbol:   method getId()
  location: variable seller of type com.app.entities.Seller
[ERROR] /C:/Aravind/Fresh-Basket/Fresh_Basket_Backend/fresh_Basket/src/main/java/com/app/controllers/SellerController.java:[38,91] cannot find symbol
  symbol:   method getEmail()
  location: variable request of type com.app.dto.SellerSignupRequest
[ERROR] /C:/Aravind/Fresh-Basket/Fresh_Basket_Backend/fresh_Basket/src/main/java/com/app/controllers/ProductController.java:[67,128] cannot find symbol
  symbol:   method getProductImage()
  location: variable productDto of type com.app.dto.ProductDto
[ERROR] /C:/Aravind/Fresh-Basket/Fresh_Basket_Backend/fresh_Basket/src/main/java/com/app/controllers/ProductController.java:[90,24] cannot find symbol
  symbol:   method setCategory(com.app.entities.Category)
  location: variable product of type com.app.entities.Product
[ERROR] /C:/Aravind/Fresh-Basket/Fresh_Basket_Backend/fresh_Basket/src/main/java/com/app/controllers/ProductController.java:[91,24] cannot find symbol
  symbol:   method setSeller(com.app.entities.Seller)
  location: variable product of type com.app.entities.Product
[ERROR] /C:/Aravind/Fresh-Basket/Fresh_Basket_Backend/fresh_Basket/src/main/java/com/app/controllers/ProductController.java:[101,24] cannot find symbol
  symbol:   method setCategory(com.app.entities.Category)
  location: variable product of type com.app.entities.Product
[ERROR] /C:/Aravind/Fresh-Basket/Fresh_Basket_Backend/fresh_Basket/src/main/java/com/app/controllers/ProductController.java:[102,24] cannot find symbol
  symbol:   method setSeller(com.app.entities.Seller)
  location: variable product of type com.app.entities.Product
[ERROR] /C:/Aravind/Fresh-Basket/Fresh_Basket_Backend/fresh_Basket/src/main/java/com/app/controllers/ProductController.java:[112,52] cannot find symbol
  symbol:   method getProductDescription()
  location: variable productDto of type com.app.dto.ProductDto
[ERROR] /C:/Aravind/Fresh-Basket/Fresh_Basket_Backend/fresh_Basket/src/main/java/com/app/controllers/ProductController.java:[113,49] cannot find symbol
  symbol:   method getProductDiscount()
  location: variable productDto of type com.app.dto.ProductDto
[ERROR] /C:/Aravind/Fresh-Basket/Fresh_Basket_Backend/fresh_Basket/src/main/java/com/app/controllers/ProductController.java:[114,45] cannot find symbol
  symbol:   method getProductName()
  location: variable productDto of type com.app.dto.ProductDto
[ERROR] /C:/Aravind/Fresh-Basket/Fresh_Basket_Backend/fresh_Basket/src/main/java/com/app/controllers/ProductController.java:[115,46] cannot find symbol
  symbol:   method getProductPrice()
  location: variable productDto of type com.app.dto.ProductDto
[ERROR] /C:/Aravind/Fresh-Basket/Fresh_Basket_Backend/fresh_Basket/src/main/java/com/app/controllers/ProductController.java:[116,47] cannot find symbol
  symbol:   method getProductRating()
  location: variable productDto of type com.app.dto.ProductDto
[ERROR] /C:/Aravind/Fresh-Basket/Fresh_Basket_Backend/fresh_Basket/src/main/java/com/app/controllers/ProductController.java:[117,42] cannot find symbol
  symbol:   method getQuantity()
  location: variable productDto of type com.app.dto.ProductDto
[ERROR] /C:/Aravind/Fresh-Basket/Fresh_Basket_Backend/fresh_Basket/src/main/java/com/app/controllers/ProductController.java:[119,123] cannot find symbol
  symbol:   method getProductImage()
  location: variable productDto of type com.app.dto.ProductDto
[ERROR] /C:/Aravind/Fresh-Basket/Fresh_Basket_Backend/fresh_Basket/src/main/java/com/app/controllers/ProductController.java:[133,42] cannot find symbol
  symbol:   method getId()
  location: variable product of type com.app.entities.Product
[ERROR] /C:/Aravind/Fresh-Basket/Fresh_Basket_Backend/fresh_Basket/src/main/java/com/app/service/ProductServiceImpl.java:[77,59] cannot find symbol
  symbol:   method getName()
  location: variable user of type com.app.entities.User
[ERROR] /C:/Aravind/Fresh-Basket/Fresh_Basket_Backend/fresh_Basket/src/main/java/com/app/service/ProductServiceImpl.java:[78,100] cannot find symbol
  symbol:   method getName()
  location: variable user of type com.app.entities.User
[ERROR] /C:/Aravind/Fresh-Basket/Fresh_Basket_Backend/fresh_Basket/src/main/java/com/app/service/ProductServiceImpl.java:[81,24] cannot find symbol
  symbol:   method setProductImage(java.lang.String)
  location: variable product of type com.app.entities.Product
[ERROR] /C:/Aravind/Fresh-Basket/Fresh_Basket_Backend/fresh_Basket/src/main/java/com/app/service/ProductServiceImpl.java:[83,24] cannot find symbol
  symbol:   method setCategory(com.app.entities.Category)
  location: variable product of type com.app.entities.Product
[ERROR] /C:/Aravind/Fresh-Basket/Fresh_Basket_Backend/fresh_Basket/src/main/java/com/app/service/ProductServiceImpl.java:[84,24] cannot find symbol
  symbol:   method setSeller(com.app.entities.Seller)
  location: variable product of type com.app.entities.Product
[ERROR] /C:/Aravind/Fresh-Basket/Fresh_Basket_Backend/fresh_Basket/src/main/java/com/app/service/CartServiceImpl.java:[50,33] cannot find symbol
  symbol:   method getCart()
  location: variable user of type com.app.entities.User
[ERROR] /C:/Aravind/Fresh-Basket/Fresh_Basket_Backend/fresh_Basket/src/main/java/com/app/service/CartServiceImpl.java:[56,61] cannot find symbol
  symbol:   method getCustomerId()
  location: variable cartDto of type com.app.dto.CartDto
[ERROR] /C:/Aravind/Fresh-Basket/Fresh_Basket_Backend/fresh_Basket/src/main/java/com/app/service/CartServiceImpl.java:[58,22] cannot find symbol
  symbol:   method setUser(com.app.entities.User)
  location: variable cart of type com.app.entities.Cart
[ERROR] /C:/Aravind/Fresh-Basket/Fresh_Basket_Backend/fresh_Basket/src/main/java/com/app/service/CartServiceImpl.java:[60,65] cannot find symbol
  symbol:   method getId()
  location: variable savedCart of type com.app.entities.Cart
[ERROR] /C:/Aravind/Fresh-Basket/Fresh_Basket_Backend/fresh_Basket/src/main/java/com/app/service/CartServiceImpl.java:[66,36] cannot find symbol
  symbol:   method getCart()
  location: variable user of type com.app.entities.User
[ERROR] /C:/Aravind/Fresh-Basket/Fresh_Basket_Backend/fresh_Basket/src/main/java/com/app/service/CartServiceImpl.java:[69,29] cannot find symbol
  symbol:   method setCart(com.app.entities.Cart)
  location: variable cartItem of type com.app.entities.CartItem
[ERROR] /C:/Aravind/Fresh-Basket/Fresh_Basket_Backend/fresh_Basket/src/main/java/com/app/service/CartServiceImpl.java:[70,83] cannot find symbol
  symbol:   method getProductId()
  location: variable cartItemDto of type com.app.dto.CartItemDto
[ERROR] /C:/Aravind/Fresh-Basket/Fresh_Basket_Backend/fresh_Basket/src/main/java/com/app/service/CartServiceImpl.java:[71,60] cannot find symbol
  symbol:   method getProductQuantity()
  location: variable cartItemDto of type com.app.dto.CartItemDto
[ERROR] /C:/Aravind/Fresh-Basket/Fresh_Basket_Backend/fresh_Basket/src/main/java/com/app/service/CartServiceImpl.java:[72,52] cannot find symbol
  symbol:   method getCartItems()
  location: variable cart of type com.app.entities.Cart
[ERROR] /C:/Aravind/Fresh-Basket/Fresh_Basket_Backend/fresh_Basket/src/main/java/com/app/service/CartServiceImpl.java:[74,24] cannot find symbol
  symbol:   method setCartItems(java.util.List<com.app.entities.CartItem>)
  location: variable cart of type com.app.entities.Cart
[ERROR] /C:/Aravind/Fresh-Basket/Fresh_Basket_Backend/fresh_Basket/src/main/java/com/app/service/CartServiceImpl.java:[86,34] cannot find symbol
  symbol:   method getCart()
  location: variable user of type com.app.entities.User
[ERROR] /C:/Aravind/Fresh-Basket/Fresh_Basket_Backend/fresh_Basket/src/main/java/com/app/service/CartServiceImpl.java:[88,22] cannot find symbol
  symbol:   method getCartItems()
  location: variable cart of type com.app.entities.Cart
[ERROR] /C:/Aravind/Fresh-Basket/Fresh_Basket_Backend/fresh_Basket/src/main/java/com/app/service/CartServiceImpl.java:[89,67] cannot find symbol
  symbol:   method getProductId()
  location: variable cartItemDto of type com.app.dto.CartItemDto
[ERROR] /C:/Aravind/Fresh-Basket/Fresh_Basket_Backend/fresh_Basket/src/main/java/com/app/service/CartServiceImpl.java:[94,22] cannot find symbol
  symbol:   method getCartItems()
  location: variable cart of type com.app.entities.Cart
[ERROR] /C:/Aravind/Fresh-Basket/Fresh_Basket_Backend/fresh_Basket/src/main/java/com/app/service/CartServiceImpl.java:[94,94] cannot find symbol
  symbol:   method getProductId()
  location: variable cartItemDto of type com.app.dto.CartItemDto
[ERROR] /C:/Aravind/Fresh-Basket/Fresh_Basket_Backend/fresh_Basket/src/main/java/com/app/service/CategoryServiceImpl.java:[44,25] cannot find symbol
  symbol:   method setCategoryImage(java.lang.String)
  location: variable category of type com.app.entities.Category
[ERROR] /C:/Aravind/Fresh-Basket/Fresh_Basket_Backend/fresh_Basket/src/main/java/com/app/service/CategoryServiceImpl.java:[54,70] cannot find symbol
  symbol:   method getId()
  location: variable category of type com.app.entities.Category
[ERROR] /C:/Aravind/Fresh-Basket/Fresh_Basket_Backend/fresh_Basket/src/main/java/com/app/service/CategoryServiceImpl.java:[62,70] cannot find symbol
  symbol:   method getCategoryName()
  location: variable category of type com.app.entities.Category
[ERROR] /C:/Aravind/Fresh-Basket/Fresh_Basket_Backend/fresh_Basket/src/main/java/com/app/controllers/AdminController.java:[111,84] cannot find symbol
  symbol:   method getId()
  location: variable category of type com.app.entities.Category
[ERROR] /C:/Aravind/Fresh-Basket/Fresh_Basket_Backend/fresh_Basket/src/main/java/com/app/controllers/AdminController.java:[118,56] cannot find symbol
  symbol:   method getCategoryName()
  location: variable catDto of type com.app.dto.CategoryDto
[ERROR] /C:/Aravind/Fresh-Basket/Fresh_Basket_Backend/fresh_Basket/src/main/java/com/app/controllers/AdminController.java:[119,63] cannot find symbol
  symbol:   method getCategoryDescription()
  location: variable catDto of type com.app.dto.CategoryDto
[ERROR] /C:/Aravind/Fresh-Basket/Fresh_Basket_Backend/fresh_Basket/src/main/java/com/app/controllers/AdminController.java:[120,79] cannot find symbol
  symbol:   method getCategoryImage()
  location: variable catDto of type com.app.dto.CategoryDto
[ERROR] /C:/Aravind/Fresh-Basket/Fresh_Basket_Backend/fresh_Basket/src/main/java/com/app/controllers/AdminController.java:[121,118] cannot find symbol
  symbol:   method getId()
  location: variable category of type com.app.entities.Category
[ERROR] /C:/Aravind/Fresh-Basket/Fresh_Basket_Backend/fresh_Basket/src/main/java/com/app/controllers/AdminController.java:[144,60] cannot find symbol
  symbol:   method getProductDescription()
  location: variable productDto of type com.app.dto.ProductDto
[ERROR] /C:/Aravind/Fresh-Basket/Fresh_Basket_Backend/fresh_Basket/src/main/java/com/app/controllers/AdminController.java:[145,57] cannot find symbol
  symbol:   method getProductDiscount()
  location: variable productDto of type com.app.dto.ProductDto
[ERROR] /C:/Aravind/Fresh-Basket/Fresh_Basket_Backend/fresh_Basket/src/main/java/com/app/controllers/AdminController.java:[146,53] cannot find symbol
  symbol:   method getProductName()
  location: variable productDto of type com.app.dto.ProductDto
[ERROR] /C:/Aravind/Fresh-Basket/Fresh_Basket_Backend/fresh_Basket/src/main/java/com/app/controllers/AdminController.java:[147,54] cannot find symbol
  symbol:   method getProductPrice()
  location: variable productDto of type com.app.dto.ProductDto
[ERROR] /C:/Aravind/Fresh-Basket/Fresh_Basket_Backend/fresh_Basket/src/main/java/com/app/controllers/AdminController.java:[148,55] cannot find symbol
  symbol:   method getProductRating()
  location: variable productDto of type com.app.dto.ProductDto
[ERROR] /C:/Aravind/Fresh-Basket/Fresh_Basket_Backend/fresh_Basket/src/main/java/com/app/controllers/AdminController.java:[149,50] cannot find symbol
  symbol:   method getQuantity()
  location: variable productDto of type com.app.dto.ProductDto
[ERROR] /C:/Aravind/Fresh-Basket/Fresh_Basket_Backend/fresh_Basket/src/main/java/com/app/controllers/AdminController.java:[151,96] cannot find symbol
  symbol:   method getProductImage()
  location: variable productDto of type com.app.dto.ProductDto
[ERROR] /C:/Aravind/Fresh-Basket/Fresh_Basket_Backend/fresh_Basket/src/main/java/com/app/controllers/PaymentController.java:[49,32] cannot find symbol
  symbol:   method getAmount()
  location: variable order of type com.app.entities.Packate
[ERROR] /C:/Aravind/Fresh-Basket/Fresh_Basket_Backend/fresh_Basket/src/main/java/com/app/controllers/PaymentController.java:[51,33] cannot find symbol
  symbol:   method getCreate()
  location: variable order of type com.app.entities.Packate
[ERROR] /C:/Aravind/Fresh-Basket/Fresh_Basket_Backend/fresh_Basket/src/main/java/com/app/controllers/PaymentController.java:[65,24] cannot find symbol
  symbol:   method setAmount(java.lang.Object)
  location: variable orderEntity of type com.app.entities.OrderEntity
[ERROR] /C:/Aravind/Fresh-Basket/Fresh_Basket_Backend/fresh_Basket/src/main/java/com/app/controllers/PaymentController.java:[66,24] cannot find symbol
  symbol:   method setOrderId(java.lang.Object)
  location: variable orderEntity of type com.app.entities.OrderEntity
[ERROR] /C:/Aravind/Fresh-Basket/Fresh_Basket_Backend/fresh_Basket/src/main/java/com/app/controllers/PaymentController.java:[67,24] cannot find symbol
  symbol:   method setPaymentId(<nulltype>)
  location: variable orderEntity of type com.app.entities.OrderEntity
[ERROR] /C:/Aravind/Fresh-Basket/Fresh_Basket_Backend/fresh_Basket/src/main/java/com/app/controllers/PaymentController.java:[68,24] cannot find symbol
  symbol:   method setStatus(java.lang.String)
  location: variable orderEntity of type com.app.entities.OrderEntity
[ERROR] /C:/Aravind/Fresh-Basket/Fresh_Basket_Backend/fresh_Basket/src/main/java/com/app/controllers/PaymentController.java:[69,63] cannot find symbol
  symbol:   method getUserId()
  location: variable order of type com.app.entities.Packate
[ERROR] /C:/Aravind/Fresh-Basket/Fresh_Basket_Backend/fresh_Basket/src/main/java/com/app/controllers/PaymentController.java:[70,74] cannot find symbol
  symbol:   method getUserId()
  location: variable order of type com.app.entities.Packate
[ERROR] /C:/Aravind/Fresh-Basket/Fresh_Basket_Backend/fresh_Basket/src/main/java/com/app/controllers/PaymentController.java:[71,24] cannot find symbol
  symbol:   method setReceipt(java.lang.Object)
  location: variable orderEntity of type com.app.entities.OrderEntity
[ERROR] /C:/Aravind/Fresh-Basket/Fresh_Basket_Backend/fresh_Basket/src/main/java/com/app/controllers/PaymentController.java:[72,24] cannot find symbol
  symbol:   method setOrderDate(java.time.LocalDate)
  location: variable orderEntity of type com.app.entities.OrderEntity
[ERROR] /C:/Aravind/Fresh-Basket/Fresh_Basket_Backend/fresh_Basket/src/main/java/com/app/controllers/PaymentController.java:[74,24] cannot find symbol
  symbol:   method setDeliveryDate(java.time.LocalDate)
  location: variable orderEntity of type com.app.entities.OrderEntity
[ERROR] /C:/Aravind/Fresh-Basket/Fresh_Basket_Backend/fresh_Basket/src/main/java/com/app/controllers/PaymentController.java:[85,62] cannot find symbol
  symbol:   method getOrder_id()
  location: variable packate of type com.app.entities.PaymentUpdatePackate
[ERROR] /C:/Aravind/Fresh-Basket/Fresh_Basket_Backend/fresh_Basket/src/main/java/com/app/controllers/PaymentController.java:[86,98] cannot find symbol
  symbol:   method getOrder_id()
  location: variable packate of type com.app.entities.PaymentUpdatePackate
[ERROR] /C:/Aravind/Fresh-Basket/Fresh_Basket_Backend/fresh_Basket/src/main/java/com/app/controllers/PaymentController.java:[88,37] cannot find symbol
  symbol:   method getPayment_id()
  location: variable packate of type com.app.entities.PaymentUpdatePackate
[ERROR] /C:/Aravind/Fresh-Basket/Fresh_Basket_Backend/fresh_Basket/src/main/java/com/app/controllers/PaymentController.java:[89,34] cannot find symbol
  symbol:   method getPayment_status()
  location: variable packate of type com.app.entities.PaymentUpdatePackate
[ERROR] /C:/Aravind/Fresh-Basket/Fresh_Basket_Backend/fresh_Basket/src/main/java/com/app/controllers/PaymentController.java:[94,87] cannot find symbol
  symbol:   method getId()
  location: variable updatedOrder of type com.app.entities.OrderEntity
[ERROR] /C:/Aravind/Fresh-Basket/Fresh_Basket_Backend/fresh_Basket/src/main/java/com/app/controllers/UserController.java:[38,79] cannot find symbol
  symbol:   method getEmail()
  location: variable request of type com.app.dto.UserSignupRequest
[ERROR] /C:/Aravind/Fresh-Basket/Fresh_Basket_Backend/fresh_Basket/src/main/java/com/app/controllers/CategoryController.java:[42,125] cannot find symbol
  symbol:   method getCategoryImage()
  location: variable catDto of type com.app.dto.CategoryDto
[ERROR] /C:/Aravind/Fresh-Basket/Fresh_Basket_Backend/fresh_Basket/src/main/java/com/app/controllers/CategoryController.java:[62,48] cannot find symbol
  symbol:   method getCategoryName()
  location: variable catDto of type com.app.dto.CategoryDto
[ERROR] /C:/Aravind/Fresh-Basket/Fresh_Basket_Backend/fresh_Basket/src/main/java/com/app/controllers/CategoryController.java:[63,55] cannot find symbol
  symbol:   method getCategoryDescription()
  location: variable catDto of type com.app.dto.CategoryDto
[ERROR] /C:/Aravind/Fresh-Basket/Fresh_Basket_Backend/fresh_Basket/src/main/java/com/app/controllers/CategoryController.java:[64,71] cannot find symbol
  symbol:   method getCategoryImage()
  location: variable catDto of type com.app.dto.CategoryDto
[ERROR] /C:/Aravind/Fresh-Basket/Fresh_Basket_Backend/fresh_Basket/src/main/java/com/app/controllers/CategoryController.java:[65,110] cannot find symbol
  symbol:   method getId()
  location: variable category of type com.app.entities.Category
[ERROR] /C:/Aravind/Fresh-Basket/Fresh_Basket_Backend/fresh_Basket/src/main/java/com/app/controllers/CategoryController.java:[71,76] cannot find symbol
  symbol:   method getId()
  location: variable category of type com.app.entities.Category
[ERROR] /C:/Aravind/Fresh-Basket/Fresh_Basket_Backend/fresh_Basket/src/main/java/com/app/controllers/CategoryController.java:[78,87] cannot find symbol
  symbol:   method getCategoryName()
  location: variable category of type com.app.entities.Category
[ERROR] /C:/Aravind/Fresh-Basket/Fresh_Basket_Backend/fresh_Basket/src/main/java/com/app/service/UserServiceImpl.java:[47,29] cannot find symbol
  symbol:   method getRole()
  location: variable userDto of type com.app.dto.UserSignupRequest
[ERROR] /C:/Aravind/Fresh-Basket/Fresh_Basket_Backend/fresh_Basket/src/main/java/com/app/service/UserServiceImpl.java:[49,53] cannot find symbol
  symbol:   method getAddress()
  location: variable userDto of type com.app.dto.UserSignupRequest
[ERROR] /C:/Aravind/Fresh-Basket/Fresh_Basket_Backend/fresh_Basket/src/main/java/com/app/service/UserServiceImpl.java:[50,50] cannot find symbol
  symbol:   method getCity()
  location: variable userDto of type com.app.dto.UserSignupRequest
[ERROR] /C:/Aravind/Fresh-Basket/Fresh_Basket_Backend/fresh_Basket/src/main/java/com/app/service/UserServiceImpl.java:[51,51] cannot find symbol
  symbol:   method getEmail()
  location: variable userDto of type com.app.dto.UserSignupRequest
[ERROR] /C:/Aravind/Fresh-Basket/Fresh_Basket_Backend/fresh_Basket/src/main/java/com/app/service/UserServiceImpl.java:[52,54] cannot find symbol
  symbol:   method getPassword()
  location: variable userDto of type com.app.dto.UserSignupRequest
[ERROR] /C:/Aravind/Fresh-Basket/Fresh_Basket_Backend/fresh_Basket/src/main/java/com/app/service/UserServiceImpl.java:[53,50] cannot find symbol
  symbol:   method getName()
  location: variable userDto of type com.app.dto.UserSignupRequest
[ERROR] /C:/Aravind/Fresh-Basket/Fresh_Basket_Backend/fresh_Basket/src/main/java/com/app/service/UserServiceImpl.java:[54,51] cannot find symbol
  symbol:   method getPhone()
  location: variable userDto of type com.app.dto.UserSignupRequest
[ERROR] /C:/Aravind/Fresh-Basket/Fresh_Basket_Backend/fresh_Basket/src/main/java/com/app/service/UserServiceImpl.java:[55,49] cannot find symbol
  symbol:   method getPin()
  location: variable userDto of type com.app.dto.UserSignupRequest
[ERROR] /C:/Aravind/Fresh-Basket/Fresh_Basket_Backend/fresh_Basket/src/main/java/com/app/service/UserServiceImpl.java:[56,43] cannot find symbol
  symbol:   method getId()
  location: variable persistentUser of type com.app.entities.User
[ERROR] /C:/Aravind/Fresh-Basket/Fresh_Basket_Backend/fresh_Basket/src/main/java/com/app/service/UserServiceImpl.java:[57,34] cannot find symbol
  symbol:   method setGstin(java.lang.String)
  location: variable seller of type com.app.entities.Seller
[ERROR] /C:/Aravind/Fresh-Basket/Fresh_Basket_Backend/fresh_Basket/src/main/java/com/app/service/UserServiceImpl.java:[58,34] cannot find symbol
  symbol:   method setRevenue(int)
  location: variable seller of type com.app.entities.Seller
[ERROR] /C:/Aravind/Fresh-Basket/Fresh_Basket_Backend/fresh_Basket/src/main/java/com/app/service/UserServiceImpl.java:[59,34] cannot find symbol
  symbol:   method setUser(com.app.entities.User)
  location: variable seller of type com.app.entities.Seller
[ERROR] /C:/Aravind/Fresh-Basket/Fresh_Basket_Backend/fresh_Basket/src/main/java/com/app/service/UserServiceImpl.java:[64,82] cannot find symbol
  symbol:   method getId()
  location: variable persistentUser of type com.app.entities.User
[ERROR] /C:/Aravind/Fresh-Basket/Fresh_Basket_Backend/fresh_Basket/src/main/java/com/app/service/UserServiceImpl.java:[80,70] cannot find symbol
  symbol:   method getEmail()
  location: variable request of type com.app.dto.UserLoginRequest
[INFO] 100 errors 
[INFO] -------------------------------------------------------------
[INFO] ------------------------------------------------------------------------
[INFO] BUILD FAILURE
[INFO] ------------------------------------------------------------------------
[INFO] Total time:  5.460 s
[INFO] Finished at: 2026-09-12T11:09:52+05:30
[INFO] ------------------------------------------------------------------------
[ERROR] Failed to execute goal org.apache.maven.plugins:maven-compiler-plugin:3.10.1:compile (default-compile) on project fresh_cart: Compilation failure: Compilation failure: 
[ERROR] /C:/Aravind/Fresh-Basket/Fresh_Basket_Backend/fresh_Basket/src/main/java/com/app/service/SellerServiceImpl.java:[35,81] cannot find symbol
[ERROR]   symbol:   method getId()
[ERROR]   location: variable savedSeller of type com.app.entities.Seller
[ERROR] /C:/Aravind/Fresh-Basket/Fresh_Basket_Backend/fresh_Basket/src/main/java/com/app/service/SellerServiceImpl.java:[40,71] cannot find symbol
[ERROR]   symbol:   method getEmail()
[ERROR]   location: variable SellerDto of type com.app.dto.SellerLoginRequest
[ERROR] /C:/Aravind/Fresh-Basket/Fresh_Basket_Backend/fresh_Basket/src/main/java/com/app/service/SellerServiceImpl.java:[40,92] cannot find symbol
[ERROR]   symbol:   method getPassword()
[ERROR]   location: variable SellerDto of type com.app.dto.SellerLoginRequest
[ERROR] /C:/Aravind/Fresh-Basket/Fresh_Basket_Backend/fresh_Basket/src/main/java/com/app/service/SellerServiceImpl.java:[59,41] cannot find symbol
[ERROR]   symbol:   method getName()
[ERROR]   location: variable sellerDto of type com.app.dto.SellerDto
[ERROR] /C:/Aravind/Fresh-Basket/Fresh_Basket_Backend/fresh_Basket/src/main/java/com/app/service/SellerServiceImpl.java:[60,44] cannot find symbol
[ERROR]   symbol:   method getAddress()
[ERROR]   location: variable sellerDto of type com.app.dto.SellerDto
[ERROR] /C:/Aravind/Fresh-Basket/Fresh_Basket_Backend/fresh_Basket/src/main/java/com/app/service/SellerServiceImpl.java:[61,42] cannot find symbol
[ERROR]   symbol:   method getEmail()
[ERROR]   location: variable sellerDto of type com.app.dto.SellerDto
[ERROR] /C:/Aravind/Fresh-Basket/Fresh_Basket_Backend/fresh_Basket/src/main/java/com/app/service/SellerServiceImpl.java:[62,42] cannot find symbol
[ERROR]   symbol:   method getGstin()
[ERROR]   location: variable sellerDto of type com.app.dto.SellerDto
[ERROR] /C:/Aravind/Fresh-Basket/Fresh_Basket_Backend/fresh_Basket/src/main/java/com/app/service/SellerServiceImpl.java:[63,45] cannot find symbol
[ERROR]   symbol:   method getPassword()
[ERROR]   location: variable sellerDto of type com.app.dto.SellerDto
[ERROR] /C:/Aravind/Fresh-Basket/Fresh_Basket_Backend/fresh_Basket/src/main/java/com/app/service/SellerServiceImpl.java:[64,42] cannot find symbol
[ERROR]   symbol:   method getPhone()
[ERROR]   location: variable sellerDto of type com.app.dto.SellerDto
[ERROR] /C:/Aravind/Fresh-Basket/Fresh_Basket_Backend/fresh_Basket/src/main/java/com/app/service/SellerServiceImpl.java:[65,41] cannot find symbol
[ERROR]   symbol:   method getCity()
[ERROR]   location: variable sellerDto of type com.app.dto.SellerDto
[ERROR] /C:/Aravind/Fresh-Basket/Fresh_Basket_Backend/fresh_Basket/src/main/java/com/app/service/SellerServiceImpl.java:[66,44] cannot find symbol
[ERROR]   symbol:   method getRevenue()
[ERROR]   location: variable sellerDto of type com.app.dto.SellerDto
[ERROR] /C:/Aravind/Fresh-Basket/Fresh_Basket_Backend/fresh_Basket/src/main/java/com/app/service/SellerServiceImpl.java:[67,40] cannot find symbol
[ERROR]   symbol:   method getPin()
[ERROR]   location: variable sellerDto of type com.app.dto.SellerDto
[ERROR] /C:/Aravind/Fresh-Basket/Fresh_Basket_Backend/fresh_Basket/src/main/java/com/app/service/SellerServiceImpl.java:[85,64] cannot find symbol
[ERROR]   symbol:   method getId()
[ERROR]   location: variable seller of type com.app.entities.Seller
[ERROR] /C:/Aravind/Fresh-Basket/Fresh_Basket_Backend/fresh_Basket/src/main/java/com/app/controllers/SellerController.java:[38,91] cannot find symbol
[ERROR]   symbol:   method getEmail()
[ERROR]   location: variable request of type com.app.dto.SellerSignupRequest
[ERROR] /C:/Aravind/Fresh-Basket/Fresh_Basket_Backend/fresh_Basket/src/main/java/com/app/controllers/ProductController.java:[67,128] cannot find symbol
[ERROR]   symbol:   method getProductImage()
[ERROR]   location: variable productDto of type com.app.dto.ProductDto
[ERROR] /C:/Aravind/Fresh-Basket/Fresh_Basket_Backend/fresh_Basket/src/main/java/com/app/controllers/ProductController.java:[90,24] cannot find symbol
[ERROR]   symbol:   method setCategory(com.app.entities.Category)
[ERROR]   location: variable product of type com.app.entities.Product
[ERROR] /C:/Aravind/Fresh-Basket/Fresh_Basket_Backend/fresh_Basket/src/main/java/com/app/controllers/ProductController.java:[91,24] cannot find symbol
[ERROR]   symbol:   method setSeller(com.app.entities.Seller)
[ERROR]   location: variable product of type com.app.entities.Product
[ERROR] /C:/Aravind/Fresh-Basket/Fresh_Basket_Backend/fresh_Basket/src/main/java/com/app/controllers/ProductController.java:[101,24] cannot find symbol
[ERROR]   symbol:   method setCategory(com.app.entities.Category)
[ERROR]   location: variable product of type com.app.entities.Product
[ERROR] /C:/Aravind/Fresh-Basket/Fresh_Basket_Backend/fresh_Basket/src/main/java/com/app/controllers/ProductController.java:[102,24] cannot find symbol
[ERROR]   symbol:   method setSeller(com.app.entities.Seller)
[ERROR]   location: variable product of type com.app.entities.Product
[ERROR] /C:/Aravind/Fresh-Basket/Fresh_Basket_Backend/fresh_Basket/src/main/java/com/app/controllers/ProductController.java:[112,52] cannot find symbol
[ERROR]   symbol:   method getProductDescription()
[ERROR]   location: variable productDto of type com.app.dto.ProductDto
[ERROR] /C:/Aravind/Fresh-Basket/Fresh_Basket_Backend/fresh_Basket/src/main/java/com/app/controllers/ProductController.java:[113,49] cannot find symbol
[ERROR]   symbol:   method getProductDiscount()
[ERROR]   location: variable productDto of type com.app.dto.ProductDto
[ERROR] /C:/Aravind/Fresh-Basket/Fresh_Basket_Backend/fresh_Basket/src/main/java/com/app/controllers/ProductController.java:[114,45] cannot find symbol
[ERROR]   symbol:   method getProductName()
[ERROR]   location: variable productDto of type com.app.dto.ProductDto
[ERROR] /C:/Aravind/Fresh-Basket/Fresh_Basket_Backend/fresh_Basket/src/main/java/com/app/controllers/ProductController.java:[115,46] cannot find symbol
[ERROR]   symbol:   method getProductPrice()
[ERROR]   location: variable productDto of type com.app.dto.ProductDto
[ERROR] /C:/Aravind/Fresh-Basket/Fresh_Basket_Backend/fresh_Basket/src/main/java/com/app/controllers/ProductController.java:[116,47] cannot find symbol
[ERROR]   symbol:   method getProductRating()
[ERROR]   location: variable productDto of type com.app.dto.ProductDto
[ERROR] /C:/Aravind/Fresh-Basket/Fresh_Basket_Backend/fresh_Basket/src/main/java/com/app/controllers/ProductController.java:[117,42] cannot find symbol
[ERROR]   symbol:   method getQuantity()
[ERROR]   location: variable productDto of type com.app.dto.ProductDto
[ERROR] /C:/Aravind/Fresh-Basket/Fresh_Basket_Backend/fresh_Basket/src/main/java/com/app/controllers/ProductController.java:[119,123] cannot find symbol
[ERROR]   symbol:   method getProductImage()
[ERROR]   location: variable productDto of type com.app.dto.ProductDto
[ERROR] /C:/Aravind/Fresh-Basket/Fresh_Basket_Backend/fresh_Basket/src/main/java/com/app/controllers/ProductController.java:[133,42] cannot find symbol
[ERROR]   symbol:   method getId()
[ERROR]   location: variable product of type com.app.entities.Product
[ERROR] /C:/Aravind/Fresh-Basket/Fresh_Basket_Backend/fresh_Basket/src/main/java/com/app/service/ProductServiceImpl.java:[77,59] cannot find symbol
[ERROR]   symbol:   method getName()
[ERROR]   location: variable user of type com.app.entities.User
[ERROR] /C:/Aravind/Fresh-Basket/Fresh_Basket_Backend/fresh_Basket/src/main/java/com/app/service/ProductServiceImpl.java:[78,100] cannot find symbol
[ERROR]   symbol:   method getName()
[ERROR]   location: variable user of type com.app.entities.User
[ERROR] /C:/Aravind/Fresh-Basket/Fresh_Basket_Backend/fresh_Basket/src/main/java/com/app/service/ProductServiceImpl.java:[81,24] cannot find symbol
[ERROR]   symbol:   method setProductImage(java.lang.String)
[ERROR]   location: variable product of type com.app.entities.Product
[ERROR] /C:/Aravind/Fresh-Basket/Fresh_Basket_Backend/fresh_Basket/src/main/java/com/app/service/ProductServiceImpl.java:[83,24] cannot find symbol
[ERROR]   symbol:   method setCategory(com.app.entities.Category)
[ERROR]   location: variable product of type com.app.entities.Product
[ERROR] /C:/Aravind/Fresh-Basket/Fresh_Basket_Backend/fresh_Basket/src/main/java/com/app/service/ProductServiceImpl.java:[84,24] cannot find symbol
[ERROR]   symbol:   method setSeller(com.app.entities.Seller)
[ERROR]   location: variable product of type com.app.entities.Product
[ERROR] /C:/Aravind/Fresh-Basket/Fresh_Basket_Backend/fresh_Basket/src/main/java/com/app/service/CartServiceImpl.java:[50,33] cannot find symbol
[ERROR]   symbol:   method getCart()
[ERROR]   location: variable user of type com.app.entities.User
[ERROR] /C:/Aravind/Fresh-Basket/Fresh_Basket_Backend/fresh_Basket/src/main/java/com/app/service/CartServiceImpl.java:[56,61] cannot find symbol
[ERROR]   symbol:   method getCustomerId()
[ERROR]   location: variable cartDto of type com.app.dto.CartDto
[ERROR] /C:/Aravind/Fresh-Basket/Fresh_Basket_Backend/fresh_Basket/src/main/java/com/app/service/CartServiceImpl.java:[58,22] cannot find symbol
[ERROR]   symbol:   method setUser(com.app.entities.User)
[ERROR]   location: variable cart of type com.app.entities.Cart
[ERROR] /C:/Aravind/Fresh-Basket/Fresh_Basket_Backend/fresh_Basket/src/main/java/com/app/service/CartServiceImpl.java:[60,65] cannot find symbol
[ERROR]   symbol:   method getId()
[ERROR]   location: variable savedCart of type com.app.entities.Cart
[ERROR] /C:/Aravind/Fresh-Basket/Fresh_Basket_Backend/fresh_Basket/src/main/java/com/app/service/CartServiceImpl.java:[66,36] cannot find symbol
[ERROR]   symbol:   method getCart()
[ERROR]   location: variable user of type com.app.entities.User
[ERROR] /C:/Aravind/Fresh-Basket/Fresh_Basket_Backend/fresh_Basket/src/main/java/com/app/service/CartServiceImpl.java:[69,29] cannot find symbol
[ERROR]   symbol:   method setCart(com.app.entities.Cart)
[ERROR]   location: variable cartItem of type com.app.entities.CartItem
[ERROR] /C:/Aravind/Fresh-Basket/Fresh_Basket_Backend/fresh_Basket/src/main/java/com/app/service/CartServiceImpl.java:[70,83] cannot find symbol
[ERROR]   symbol:   method getProductId()
[ERROR]   location: variable cartItemDto of type com.app.dto.CartItemDto
[ERROR] /C:/Aravind/Fresh-Basket/Fresh_Basket_Backend/fresh_Basket/src/main/java/com/app/service/CartServiceImpl.java:[71,60] cannot find symbol
[ERROR]   symbol:   method getProductQuantity()
[ERROR]   location: variable cartItemDto of type com.app.dto.CartItemDto
[ERROR] /C:/Aravind/Fresh-Basket/Fresh_Basket_Backend/fresh_Basket/src/main/java/com/app/service/CartServiceImpl.java:[72,52] cannot find symbol
[ERROR]   symbol:   method getCartItems()
[ERROR]   location: variable cart of type com.app.entities.Cart
[ERROR] /C:/Aravind/Fresh-Basket/Fresh_Basket_Backend/fresh_Basket/src/main/java/com/app/service/CartServiceImpl.java:[74,24] cannot find symbol
[ERROR]   symbol:   method setCartItems(java.util.List<com.app.entities.CartItem>)
[ERROR]   location: variable cart of type com.app.entities.Cart
[ERROR] /C:/Aravind/Fresh-Basket/Fresh_Basket_Backend/fresh_Basket/src/main/java/com/app/service/CartServiceImpl.java:[86,34] cannot find symbol
[ERROR]   symbol:   method getCart()
[ERROR]   location: variable user of type com.app.entities.User
[ERROR] /C:/Aravind/Fresh-Basket/Fresh_Basket_Backend/fresh_Basket/src/main/java/com/app/service/CartServiceImpl.java:[88,22] cannot find symbol
[ERROR]   symbol:   method getCartItems()
[ERROR]   location: variable cart of type com.app.entities.Cart
[ERROR] /C:/Aravind/Fresh-Basket/Fresh_Basket_Backend/fresh_Basket/src/main/java/com/app/service/CartServiceImpl.java:[89,67] cannot find symbol
[ERROR]   symbol:   method getProductId()
[ERROR]   location: variable cartItemDto of type com.app.dto.CartItemDto
[ERROR] /C:/Aravind/Fresh-Basket/Fresh_Basket_Backend/fresh_Basket/src/main/java/com/app/service/CartServiceImpl.java:[94,22] cannot find symbol
[ERROR]   symbol:   method getCartItems()
[ERROR]   location: variable cart of type com.app.entities.Cart
[ERROR] /C:/Aravind/Fresh-Basket/Fresh_Basket_Backend/fresh_Basket/src/main/java/com/app/service/CartServiceImpl.java:[94,94] cannot find symbol
[ERROR]   symbol:   method getProductId()
[ERROR]   location: variable cartItemDto of type com.app.dto.CartItemDto
[ERROR] /C:/Aravind/Fresh-Basket/Fresh_Basket_Backend/fresh_Basket/src/main/java/com/app/service/CategoryServiceImpl.java:[44,25] cannot find symbol
[ERROR]   symbol:   method setCategoryImage(java.lang.String)
[ERROR]   location: variable category of type com.app.entities.Category
[ERROR] /C:/Aravind/Fresh-Basket/Fresh_Basket_Backend/fresh_Basket/src/main/java/com/app/service/CategoryServiceImpl.java:[54,70] cannot find symbol
[ERROR]   symbol:   method getId()
[ERROR]   location: variable category of type com.app.entities.Category
[ERROR] /C:/Aravind/Fresh-Basket/Fresh_Basket_Backend/fresh_Basket/src/main/java/com/app/service/CategoryServiceImpl.java:[62,70] cannot find symbol
[ERROR]   symbol:   method getCategoryName()
[ERROR]   location: variable category of type com.app.entities.Category
[ERROR] /C:/Aravind/Fresh-Basket/Fresh_Basket_Backend/fresh_Basket/src/main/java/com/app/controllers/AdminController.java:[111,84] cannot find symbol
[ERROR]   symbol:   method getId()
[ERROR]   location: variable category of type com.app.entities.Category
[ERROR] /C:/Aravind/Fresh-Basket/Fresh_Basket_Backend/fresh_Basket/src/main/java/com/app/controllers/AdminController.java:[118,56] cannot find symbol
[ERROR]   symbol:   method getCategoryName()
[ERROR]   location: variable catDto of type com.app.dto.CategoryDto
[ERROR] /C:/Aravind/Fresh-Basket/Fresh_Basket_Backend/fresh_Basket/src/main/java/com/app/controllers/AdminController.java:[119,63] cannot find symbol
[ERROR]   symbol:   method getCategoryDescription()
[ERROR]   location: variable catDto of type com.app.dto.CategoryDto
[ERROR] /C:/Aravind/Fresh-Basket/Fresh_Basket_Backend/fresh_Basket/src/main/java/com/app/controllers/AdminController.java:[120,79] cannot find symbol
[ERROR]   symbol:   method getCategoryImage()
[ERROR]   location: variable catDto of type com.app.dto.CategoryDto
[ERROR] /C:/Aravind/Fresh-Basket/Fresh_Basket_Backend/fresh_Basket/src/main/java/com/app/controllers/AdminController.java:[121,118] cannot find symbol
[ERROR]   symbol:   method getId()
[ERROR]   location: variable category of type com.app.entities.Category
[ERROR] /C:/Aravind/Fresh-Basket/Fresh_Basket_Backend/fresh_Basket/src/main/java/com/app/controllers/AdminController.java:[144,60] cannot find symbol
[ERROR]   symbol:   method getProductDescription()
[ERROR]   location: variable productDto of type com.app.dto.ProductDto
[ERROR] /C:/Aravind/Fresh-Basket/Fresh_Basket_Backend/fresh_Basket/src/main/java/com/app/controllers/AdminController.java:[145,57] cannot find symbol
[ERROR]   symbol:   method getProductDiscount()
[ERROR]   location: variable productDto of type com.app.dto.ProductDto
[ERROR] /C:/Aravind/Fresh-Basket/Fresh_Basket_Backend/fresh_Basket/src/main/java/com/app/controllers/AdminController.java:[146,53] cannot find symbol
[ERROR]   symbol:   method getProductName()
[ERROR]   location: variable productDto of type com.app.dto.ProductDto
[ERROR] /C:/Aravind/Fresh-Basket/Fresh_Basket_Backend/fresh_Basket/src/main/java/com/app/controllers/AdminController.java:[147,54] cannot find symbol
[ERROR]   symbol:   method getProductPrice()
[ERROR]   location: variable productDto of type com.app.dto.ProductDto
[ERROR] /C:/Aravind/Fresh-Basket/Fresh_Basket_Backend/fresh_Basket/src/main/java/com/app/controllers/AdminController.java:[148,55] cannot find symbol
[ERROR]   symbol:   method getProductRating()
[ERROR]   location: variable productDto of type com.app.dto.ProductDto
[ERROR] /C:/Aravind/Fresh-Basket/Fresh_Basket_Backend/fresh_Basket/src/main/java/com/app/controllers/AdminController.java:[149,50] cannot find symbol
[ERROR]   symbol:   method getQuantity()
[ERROR]   location: variable productDto of type com.app.dto.ProductDto
[ERROR] /C:/Aravind/Fresh-Basket/Fresh_Basket_Backend/fresh_Basket/src/main/java/com/app/controllers/AdminController.java:[151,96] cannot find symbol
[ERROR]   symbol:   method getProductImage()
[ERROR]   location: variable productDto of type com.app.dto.ProductDto
[ERROR] /C:/Aravind/Fresh-Basket/Fresh_Basket_Backend/fresh_Basket/src/main/java/com/app/controllers/PaymentController.java:[49,32] cannot find symbol
[ERROR]   symbol:   method getAmount()
[ERROR]   location: variable order of type com.app.entities.Packate
[ERROR] /C:/Aravind/Fresh-Basket/Fresh_Basket_Backend/fresh_Basket/src/main/java/com/app/controllers/PaymentController.java:[51,33] cannot find symbol
[ERROR]   symbol:   method getCreate()
[ERROR]   location: variable order of type com.app.entities.Packate
[ERROR] /C:/Aravind/Fresh-Basket/Fresh_Basket_Backend/fresh_Basket/src/main/java/com/app/controllers/PaymentController.java:[65,24] cannot find symbol
[ERROR]   symbol:   method setAmount(java.lang.Object)
[ERROR]   location: variable orderEntity of type com.app.entities.OrderEntity
[ERROR] /C:/Aravind/Fresh-Basket/Fresh_Basket_Backend/fresh_Basket/src/main/java/com/app/controllers/PaymentController.java:[66,24] cannot find symbol
[ERROR]   symbol:   method setOrderId(java.lang.Object)
[ERROR]   location: variable orderEntity of type com.app.entities.OrderEntity
[ERROR] /C:/Aravind/Fresh-Basket/Fresh_Basket_Backend/fresh_Basket/src/main/java/com/app/controllers/PaymentController.java:[67,24] cannot find symbol
[ERROR]   symbol:   method setPaymentId(<nulltype>)
[ERROR]   location: variable orderEntity of type com.app.entities.OrderEntity
[ERROR] /C:/Aravind/Fresh-Basket/Fresh_Basket_Backend/fresh_Basket/src/main/java/com/app/controllers/PaymentController.java:[68,24] cannot find symbol
[ERROR]   symbol:   method setStatus(java.lang.String)
[ERROR]   location: variable orderEntity of type com.app.entities.OrderEntity
[ERROR] /C:/Aravind/Fresh-Basket/Fresh_Basket_Backend/fresh_Basket/src/main/java/com/app/controllers/PaymentController.java:[69,63] cannot find symbol
[ERROR]   symbol:   method getUserId()
[ERROR]   location: variable order of type com.app.entities.Packate
[ERROR] /C:/Aravind/Fresh-Basket/Fresh_Basket_Backend/fresh_Basket/src/main/java/com/app/controllers/PaymentController.java:[70,74] cannot find symbol
[ERROR]   symbol:   method getUserId()
[ERROR]   location: variable order of type com.app.entities.Packate
[ERROR] /C:/Aravind/Fresh-Basket/Fresh_Basket_Backend/fresh_Basket/src/main/java/com/app/controllers/PaymentController.java:[71,24] cannot find symbol
[ERROR]   symbol:   method setReceipt(java.lang.Object)
[ERROR]   location: variable orderEntity of type com.app.entities.OrderEntity
[ERROR] /C:/Aravind/Fresh-Basket/Fresh_Basket_Backend/fresh_Basket/src/main/java/com/app/controllers/PaymentController.java:[72,24] cannot find symbol
[ERROR]   symbol:   method setOrderDate(java.time.LocalDate)
[ERROR]   location: variable orderEntity of type com.app.entities.OrderEntity
[ERROR] /C:/Aravind/Fresh-Basket/Fresh_Basket_Backend/fresh_Basket/src/main/java/com/app/controllers/PaymentController.java:[74,24] cannot find symbol
[ERROR]   symbol:   method setDeliveryDate(java.time.LocalDate)
[ERROR]   location: variable orderEntity of type com.app.entities.OrderEntity
[ERROR] /C:/Aravind/Fresh-Basket/Fresh_Basket_Backend/fresh_Basket/src/main/java/com/app/controllers/PaymentController.java:[85,62] cannot find symbol
[ERROR]   symbol:   method getOrder_id()
[ERROR]   location: variable packate of type com.app.entities.PaymentUpdatePackate
[ERROR] /C:/Aravind/Fresh-Basket/Fresh_Basket_Backend/fresh_Basket/src/main/java/com/app/controllers/PaymentController.java:[86,98] cannot find symbol
[ERROR]   symbol:   method getOrder_id()
[ERROR]   location: variable packate of type com.app.entities.PaymentUpdatePackate
[ERROR] /C:/Aravind/Fresh-Basket/Fresh_Basket_Backend/fresh_Basket/src/main/java/com/app/controllers/PaymentController.java:[88,37] cannot find symbol
[ERROR]   symbol:   method getPayment_id()
[ERROR]   location: variable packate of type com.app.entities.PaymentUpdatePackate
[ERROR] /C:/Aravind/Fresh-Basket/Fresh_Basket_Backend/fresh_Basket/src/main/java/com/app/controllers/PaymentController.java:[89,34] cannot find symbol
[ERROR]   symbol:   method getPayment_status()
[ERROR]   location: variable packate of type com.app.entities.PaymentUpdatePackate
[ERROR] /C:/Aravind/Fresh-Basket/Fresh_Basket_Backend/fresh_Basket/src/main/java/com/app/controllers/PaymentController.java:[94,87] cannot find symbol
[ERROR]   symbol:   method getId()
[ERROR]   location: variable updatedOrder of type com.app.entities.OrderEntity
[ERROR] /C:/Aravind/Fresh-Basket/Fresh_Basket_Backend/fresh_Basket/src/main/java/com/app/controllers/UserController.java:[38,79] cannot find symbol
[ERROR]   symbol:   method getEmail()
[ERROR]   location: variable request of type com.app.dto.UserSignupRequest
[ERROR] /C:/Aravind/Fresh-Basket/Fresh_Basket_Backend/fresh_Basket/src/main/java/com/app/controllers/CategoryController.java:[42,125] cannot find symbol
[ERROR]   symbol:   method getCategoryImage()
[ERROR]   location: variable catDto of type com.app.dto.CategoryDto
[ERROR] /C:/Aravind/Fresh-Basket/Fresh_Basket_Backend/fresh_Basket/src/main/java/com/app/controllers/CategoryController.java:[62,48] cannot find symbol
[ERROR]   symbol:   method getCategoryName()
[ERROR]   location: variable catDto of type com.app.dto.CategoryDto
[ERROR] /C:/Aravind/Fresh-Basket/Fresh_Basket_Backend/fresh_Basket/src/main/java/com/app/controllers/CategoryController.java:[63,55] cannot find symbol
[ERROR]   symbol:   method getCategoryDescription()
[ERROR]   location: variable catDto of type com.app.dto.CategoryDto
[ERROR] /C:/Aravind/Fresh-Basket/Fresh_Basket_Backend/fresh_Basket/src/main/java/com/app/controllers/CategoryController.java:[64,71] cannot find symbol
[ERROR]   symbol:   method getCategoryImage()
[ERROR]   location: variable catDto of type com.app.dto.CategoryDto
[ERROR] /C:/Aravind/Fresh-Basket/Fresh_Basket_Backend/fresh_Basket/src/main/java/com/app/controllers/CategoryController.java:[65,110] cannot find symbol
[ERROR]   symbol:   method getId()
[ERROR]   location: variable category of type com.app.entities.Category
[ERROR] /C:/Aravind/Fresh-Basket/Fresh_Basket_Backend/fresh_Basket/src/main/java/com/app/controllers/CategoryController.java:[71,76] cannot find symbol
[ERROR]   symbol:   method getId()
[ERROR]   location: variable category of type com.app.entities.Category
[ERROR] /C:/Aravind/Fresh-Basket/Fresh_Basket_Backend/fresh_Basket/src/main/java/com/app/controllers/CategoryController.java:[78,87] cannot find symbol
[ERROR]   symbol:   method getCategoryName()
[ERROR]   location: variable category of type com.app.entities.Category
[ERROR] /C:/Aravind/Fresh-Basket/Fresh_Basket_Backend/fresh_Basket/src/main/java/com/app/service/UserServiceImpl.java:[47,29] cannot find symbol
[ERROR]   symbol:   method getRole()
[ERROR]   location: variable userDto of type com.app.dto.UserSignupRequest
[ERROR] /C:/Aravind/Fresh-Basket/Fresh_Basket_Backend/fresh_Basket/src/main/java/com/app/service/UserServiceImpl.java:[49,53] cannot find symbol
[ERROR]   symbol:   method getAddress()
[ERROR]   location: variable userDto of type com.app.dto.UserSignupRequest
[ERROR] /C:/Aravind/Fresh-Basket/Fresh_Basket_Backend/fresh_Basket/src/main/java/com/app/service/UserServiceImpl.java:[50,50] cannot find symbol
[ERROR]   symbol:   method getCity()
[ERROR]   location: variable userDto of type com.app.dto.UserSignupRequest
[ERROR] /C:/Aravind/Fresh-Basket/Fresh_Basket_Backend/fresh_Basket/src/main/java/com/app/service/UserServiceImpl.java:[51,51] cannot find symbol
[ERROR]   symbol:   method getEmail()
[ERROR]   location: variable userDto of type com.app.dto.UserSignupRequest
[ERROR] /C:/Aravind/Fresh-Basket/Fresh_Basket_Backend/fresh_Basket/src/main/java/com/app/service/UserServiceImpl.java:[52,54] cannot find symbol
[ERROR]   symbol:   method getPassword()
[ERROR]   location: variable userDto of type com.app.dto.UserSignupRequest
[ERROR] /C:/Aravind/Fresh-Basket/Fresh_Basket_Backend/fresh_Basket/src/main/java/com/app/service/UserServiceImpl.java:[53,50] cannot find symbol
[ERROR]   symbol:   method getName()
[ERROR]   location: variable userDto of type com.app.dto.UserSignupRequest
[ERROR] /C:/Aravind/Fresh-Basket/Fresh_Basket_Backend/fresh_Basket/src/main/java/com/app/service/UserServiceImpl.java:[54,51] cannot find symbol
[ERROR]   symbol:   method getPhone()
[ERROR]   location: variable userDto of type com.app.dto.UserSignupRequest
[ERROR] /C:/Aravind/Fresh-Basket/Fresh_Basket_Backend/fresh_Basket/src/main/java/com/app/service/UserServiceImpl.java:[55,49] cannot find symbol
[ERROR]   symbol:   method getPin()
[ERROR]   location: variable userDto of type com.app.dto.UserSignupRequest
[ERROR] /C:/Aravind/Fresh-Basket/Fresh_Basket_Backend/fresh_Basket/src/main/java/com/app/service/UserServiceImpl.java:[56,43] cannot find symbol
[ERROR]   symbol:   method getId()
[ERROR]   location: variable persistentUser of type com.app.entities.User
[ERROR] /C:/Aravind/Fresh-Basket/Fresh_Basket_Backend/fresh_Basket/src/main/java/com/app/service/UserServiceImpl.java:[57,34] cannot find symbol
[ERROR]   symbol:   method setGstin(java.lang.String)
[ERROR]   location: variable seller of type com.app.entities.Seller
[ERROR] /C:/Aravind/Fresh-Basket/Fresh_Basket_Backend/fresh_Basket/src/main/java/com/app/service/UserServiceImpl.java:[58,34] cannot find symbol
[ERROR]   symbol:   method setRevenue(int)
[ERROR]   location: variable seller of type com.app.entities.Seller
[ERROR] /C:/Aravind/Fresh-Basket/Fresh_Basket_Backend/fresh_Basket/src/main/java/com/app/service/UserServiceImpl.java:[59,34] cannot find symbol
[ERROR]   symbol:   method setUser(com.app.entities.User)
[ERROR]   location: variable seller of type com.app.entities.Seller
[ERROR] /C:/Aravind/Fresh-Basket/Fresh_Basket_Backend/fresh_Basket/src/main/java/com/app/service/UserServiceImpl.java:[64,82] cannot find symbol
[ERROR]   symbol:   method getId()
[ERROR]   location: variable persistentUser of type com.app.entities.User
[ERROR] /C:/Aravind/Fresh-Basket/Fresh_Basket_Backend/fresh_Basket/src/main/java/com/app/service/UserServiceImpl.java:[80,70] cannot find symbol
[ERROR]   symbol:   method getEmail()
[ERROR]   location: variable request of type com.app.dto.UserLoginRequest
[ERROR] -> [Help 1]
org.apache.maven.lifecycle.LifecycleExecutionException: Failed to execute goal org.apache.maven.plugins:maven-compiler-plugin:3.10.1:compile (default-compile) on project fresh_cart: Compilation failure
    at org.apache.maven.lifecycle.internal.MojoExecutor.doExecute2 (MojoExecutor.java:333)
    at org.apache.maven.lifecycle.internal.MojoExecutor.doExecute (MojoExecutor.java:316)
    at org.apache.maven.lifecycle.internal.MojoExecutor.execute (MojoExecutor.java:212)
    at org.apache.maven.lifecycle.internal.MojoExecutor.execute (MojoExecutor.java:174)
    at org.apache.maven.lifecycle.internal.MojoExecutor.access$000 (MojoExecutor.java:75)
    at org.apache.maven.lifecycle.internal.MojoExecutor$1.run (MojoExecutor.java:162)
    at org.apache.maven.plugin.DefaultMojosExecutionStrategy.execute (DefaultMojosExecutionStrategy.java:39)
    at org.apache.maven.lifecycle.internal.MojoExecutor.execute (MojoExecutor.java:159)
    at org.apache.maven.lifecycle.internal.LifecycleModuleBuilder.buildProject (LifecycleModuleBuilder.java:105)
    at org.apache.maven.lifecycle.internal.LifecycleModuleBuilder.buildProject (LifecycleModuleBuilder.java:73)
    at org.apache.maven.lifecycle.internal.builder.singlethreaded.SingleThreadedBuilder.build (SingleThreadedBuilder.java:53)
    at org.apache.maven.lifecycle.internal.LifecycleStarter.execute (LifecycleStarter.java:118)
    at org.apache.maven.DefaultMaven.doExecute (DefaultMaven.java:261)
    at org.apache.maven.DefaultMaven.doExecute (DefaultMaven.java:173)
    at org.apache.maven.DefaultMaven.execute (DefaultMaven.java:101)
    at org.apache.maven.cli.MavenCli.execute (MavenCli.java:919)
    at org.apache.maven.cli.MavenCli.doMain (MavenCli.java:285)
    at org.apache.maven.cli.MavenCli.main (MavenCli.java:207)
    at jdk.internal.reflect.DirectMethodHandleAccessor.invoke (DirectMethodHandleAccessor.java:104)
    at java.lang.reflect.Method.invoke (Method.java:565)
    at org.codehaus.plexus.classworlds.launcher.Launcher.launchEnhanced (Launcher.java:255)
    at org.codehaus.plexus.classworlds.launcher.Launcher.launch (Launcher.java:201)
    at org.codehaus.plexus.classworlds.launcher.Launcher.mainWithExitCode (Launcher.java:362)
    at org.codehaus.plexus.classworlds.launcher.Launcher.main (Launcher.java:314)
Caused by: org.apache.maven.plugin.compiler.CompilationFailureException: Compilation failure
    at org.apache.maven.plugin.compiler.AbstractCompilerMojo.execute (AbstractCompilerMojo.java:1310)
    at org.apache.maven.plugin.compiler.CompilerMojo.execute (CompilerMojo.java:198)
    at org.apache.maven.plugin.DefaultBuildPluginManager.executeMojo (DefaultBuildPluginManager.java:126)
    at org.apache.maven.lifecycle.internal.MojoExecutor.doExecute2 (MojoExecutor.java:328)
    at org.apache.maven.lifecycle.internal.MojoExecutor.doExecute (MojoExecutor.java:316)
    at org.apache.maven.lifecycle.internal.MojoExecutor.execute (MojoExecutor.java:212)
    at org.apache.maven.lifecycle.internal.MojoExecutor.execute (MojoExecutor.java:174)
    at org.apache.maven.lifecycle.internal.MojoExecutor.access$000 (MojoExecutor.java:75)
    at org.apache.maven.lifecycle.internal.MojoExecutor$1.run (MojoExecutor.java:162)
    at org.apache.maven.plugin.DefaultMojosExecutionStrategy.execute (DefaultMojosExecutionStrategy.java:39)
    at org.apache.maven.lifecycle.internal.MojoExecutor.execute (MojoExecutor.java:159)
    at org.apache.maven.lifecycle.internal.LifecycleModuleBuilder.buildProject (LifecycleModuleBuilder.java:105)
    at org.apache.maven.lifecycle.internal.LifecycleModuleBuilder.buildProject (LifecycleModuleBuilder.java:73)
    at org.apache.maven.lifecycle.internal.builder.singlethreaded.SingleThreadedBuilder.build (SingleThreadedBuilder.java:53)
    at org.apache.maven.lifecycle.internal.LifecycleStarter.execute (LifecycleStarter.java:118)
    at org.apache.maven.DefaultMaven.doExecute (DefaultMaven.java:261)
    at org.apache.maven.DefaultMaven.doExecute (DefaultMaven.java:173)
    at org.apache.maven.DefaultMaven.execute (DefaultMaven.java:101)
    at org.apache.maven.cli.MavenCli.execute (MavenCli.java:919)
    at org.apache.maven.cli.MavenCli.doMain (MavenCli.java:285)
    at org.apache.maven.cli.MavenCli.main (MavenCli.java:207)
    at jdk.internal.reflect.DirectMethodHandleAccessor.invoke (DirectMethodHandleAccessor.java:104)
    at java.lang.reflect.Method.invoke (Method.java:565)
    at org.codehaus.plexus.classworlds.launcher.Launcher.launchEnhanced (Launcher.java:255)
    at org.codehaus.plexus.classworlds.launcher.Launcher.launch (Launcher.java:201)
    at org.codehaus.plexus.classworlds.launcher.Launcher.mainWithExitCode (Launcher.java:362)
    at org.codehaus.plexus.classworlds.launcher.Launcher.main (Launcher.java:314)
[ERROR] 
[ERROR] 
[ERROR] For more information about the errors and possible solutions, please read the following articles:
[ERROR] [Help 1] http://cwiki.apache.org/confluence/display/MAVEN/MojoFailureException
[DEBUG] Shutting down adapter factory; available factories [file-lock, rwlock-local, semaphore-local, noop]; available name mappers [discriminating, file-gaecv, file-gav, file-hgaecv, file-hgav, file-static, gaecv, gav, static]
[DEBUG] Shutting down 'file-lock' factory
[DEBUG] Shutting down 'rwlock-local' factory
[DEBUG] Shutting down 'semaphore-local' factory
[DEBUG] Shutting down 'noop' factory
